team,conference,color,alt_color,logo
Abilene Christian,,#4e2683,#ebebeb,http://a.espncdn.com/i/teamlogos/ncaa/500/2000.png
Adams State,,#000000,,http://a.espncdn.com/i/teamlogos/ncaa/500/2001.png
Adrian,,#000000,,http://a.espncdn.com/i/teamlogos/ncaa/500/2003.png
Air Force,Mountain West,#004a7b,#ffffff,http://a.espncdn.com/i/teamlogos/ncaa/500/2005.png
Akron,Mid-American,#00285e,#84754e,http://a.espncdn.com/i/teamlogos/ncaa/500/2006.png
Alabama,SEC,#690014,#f1f2f3,http://a.espncdn.com/i/teamlogos/ncaa/500/333.png
Alabama A&M,,#790000,#ffffff,http://a.espncdn.com/i/teamlogos/ncaa/500/2010.png
Alabama State,,#e9a900,#0a0a0a,http://a.espncdn.com/i/teamlogos/ncaa/500/2011.png
Albany,,#3D2777,#ffffff,http://a.espncdn.com/i/teamlogos/ncaa/500/399.png
Albany State (GA),,#000000,,http://a.espncdn.com/i/teamlogos/ncaa/500/2013.png
Albion,,#000000,,http://a.espncdn.com/i/teamlogos/ncaa/500/2790.png
Albright,,#000000,,http://a.espncdn.com/i/teamlogos/ncaa/500/2015.png
Alcorn State,,#4b0058,#46166a,http://a.espncdn.com/i/teamlogos/ncaa/500/2016.png
Alderson-Broaddus,,,,http://a.espncdn.com/i/teamlogos/ncaa/500/2017.png
Alfred,,#000000,,http://a.espncdn.com/i/teamlogos/ncaa/500/365.png
Alfred State College,,#000000,,http://a.espncdn.com/i/teamlogos/ncaa/500/3162.png
Allegheny,,#000000,,http://a.espncdn.com/i/teamlogos/ncaa/500/2018.png
Alma College,,#000000,,http://a.espncdn.com/i/teamlogos/ncaa/500/2800.png
American International,,#000000,,http://a.espncdn.com/i/teamlogos/ncaa/500/2022.png
Amherst College,,#000000,,http://a.espncdn.com/i/teamlogos/ncaa/500/7.png
Anderson (IN),,#000000,,http://a.espncdn.com/i/teamlogos/ncaa/500/2023.png
Angelo State,,#000000,,http://a.espncdn.com/i/teamlogos/ncaa/500/2025.png
Anna Maria College,,#000000,,http://a.espncdn.com/i/teamlogos/ncaa/500/15.png
Appalachian State,Sun Belt,#000000,#ffcd00,http://a.espncdn.com/i/teamlogos/ncaa/500/2026.png
Apprentice School,,#000000,,http://a.espncdn.com/i/teamlogos/ncaa/500/3111.png
Arizona,Pac-12,#002449,#00205b,http://a.espncdn.com/i/teamlogos/ncaa/500/12.png
Arizona Christian,,,,
Arizona State,Pac-12,#942139,#f1f2f3,http://a.espncdn.com/i/teamlogos/ncaa/500/9.png
Arkansas,SEC,#9c1831,#000000,http://a.espncdn.com/i/teamlogos/ncaa/500/8.png
Arkansas-Monticello,,#000000,,http://a.espncdn.com/i/teamlogos/ncaa/500/2028.png
Arkansas-Pine Bluff,,#e0aa0f,#eaaa00,http://a.espncdn.com/i/teamlogos/ncaa/500/2029.png
Arkansas State,Sun Belt,#e81018,#000000,http://a.espncdn.com/i/teamlogos/ncaa/500/2032.png
Arkansas Tech,,#000000,,http://a.espncdn.com/i/teamlogos/ncaa/500/2033.png
Army,FBS Independents,#ce9c00,#231f20,http://a.espncdn.com/i/teamlogos/ncaa/500/349.png
Ashland,,#000000,,http://a.espncdn.com/i/teamlogos/ncaa/500/308.png
Assumption,,#000000,,http://a.espncdn.com/i/teamlogos/ncaa/500/2038.png
Auburn,SEC,#03244d,#f1f2f3,http://a.espncdn.com/i/teamlogos/ncaa/500/2.png
Augsburg,,#000000,,http://a.espncdn.com/i/teamlogos/ncaa/500/124.png
Augustana (IL),,#000000,,http://a.espncdn.com/i/teamlogos/ncaa/500/2042.png
Augustana (SD),,#000000,,http://a.espncdn.com/i/teamlogos/ncaa/500/2043.png
Aurora,,#000000,,http://a.espncdn.com/i/teamlogos/ncaa/500/2044.png
Austin College,,#000000,,http://a.espncdn.com/i/teamlogos/ncaa/500/2045.png
Austin Peay,,#8e0b0b,,http://a.espncdn.com/i/teamlogos/ncaa/500/2046.png
Ave Maria,,#000000,,http://a.espncdn.com/i/teamlogos/ncaa/500/3178.png
Averett,,#000000,,http://a.espncdn.com/i/teamlogos/ncaa/500/2047.png
Avila College,,#000000,,http://a.espncdn.com/i/teamlogos/ncaa/500/2048.png
Azusa Pacific,,#000000,,http://a.espncdn.com/i/teamlogos/ncaa/500/2049.png
Bacone College,,,,http://a.espncdn.com/i/teamlogos/ncaa/500/487.png
Baker University,,#000000,,http://a.espncdn.com/i/teamlogos/ncaa/500/488.png
Baldwin-Wallace,,#000000,,http://a.espncdn.com/i/teamlogos/ncaa/500/188.png
Ball State,Mid-American,#DA0000,#ffffff,http://a.espncdn.com/i/teamlogos/ncaa/500/2050.png
Bates College,,#000000,,http://a.espncdn.com/i/teamlogos/ncaa/500/121.png
Baylor,Big 12,#004834,#ffb81c,http://a.espncdn.com/i/teamlogos/ncaa/500/239.png
Becker College,,#000000,,http://a.espncdn.com/i/teamlogos/ncaa/500/479.png
Beloit College,,#000000,,http://a.espncdn.com/i/teamlogos/ncaa/500/266.png
Bemidji State,,#000000,,http://a.espncdn.com/i/teamlogos/ncaa/500/132.png
Benedict College,,,,http://a.espncdn.com/i/teamlogos/ncaa/500/490.png
Benedictine College,,,,http://a.espncdn.com/i/teamlogos/ncaa/500/16111.png
Benedictine (IL),,#000000,,http://a.espncdn.com/i/teamlogos/ncaa/500/2283.png
Bentley,,#000000,,http://a.espncdn.com/i/teamlogos/ncaa/500/2060.png
Berry College,,,,http://a.espncdn.com/i/teamlogos/ncaa/500/2757.png
Bethany (KS),,#000000,,http://a.espncdn.com/i/teamlogos/ncaa/500/492.png
Bethany (WV),,#000000,,http://a.espncdn.com/i/teamlogos/ncaa/500/2062.png
Bethel (MN),,#000000,,http://a.espncdn.com/i/teamlogos/ncaa/500/2802.png
Bethel (TN),,#000000,,http://a.espncdn.com/i/teamlogos/ncaa/500/2064.png
Bethune-Cookman,,#7b1831,#e9aa12,http://a.espncdn.com/i/teamlogos/ncaa/500/2065.png
Birmingham-Southern,,#000000,,http://a.espncdn.com/i/teamlogos/ncaa/500/3.png
Blackburn,,#000000,,http://a.espncdn.com/i/teamlogos/ncaa/500/2070.png
Black Hills State,,#000000,,http://a.espncdn.com/i/teamlogos/ncaa/500/2069.png
Bloomsburg,,#000000,,http://a.espncdn.com/i/teamlogos/ncaa/500/2071.png
Bluefield College,,,,http://a.espncdn.com/i/teamlogos/ncaa/500/495.png
Bluffton,,#000000,,http://a.espncdn.com/i/teamlogos/ncaa/500/2074.png
Boise State,Mountain West,#09347A,#d8d9da,http://a.espncdn.com/i/teamlogos/ncaa/500/68.png
Boston College,ACC,#88001a,#a39161,http://a.espncdn.com/i/teamlogos/ncaa/500/103.png
Bowdoin,,#000000,,http://a.espncdn.com/i/teamlogos/ncaa/500/340.png
Bowling Green,Mid-American,#2b1000,#492000,http://a.espncdn.com/i/teamlogos/ncaa/500/189.png
Brevard College,,#000000,,http://a.espncdn.com/i/teamlogos/ncaa/500/2913.png
Bridgewater State,,#000000,,http://a.espncdn.com/i/teamlogos/ncaa/500/18.png
Bridgewater (VA),,#000000,,http://a.espncdn.com/i/teamlogos/ncaa/500/2079.png
Brit Columbia,,#000000,,http://a.espncdn.com/i/teamlogos/ncaa/500/2080.png
Brockport State (NY),,#000000,,http://a.espncdn.com/i/teamlogos/ncaa/500/2781.png
Brown,,#411e09,#949300,http://a.espncdn.com/i/teamlogos/ncaa/500/225.png
Bryant,,#000000,#9f8343,http://a.espncdn.com/i/teamlogos/ncaa/500/2803.png
Bucknell,,#000060,#00316e,http://a.espncdn.com/i/teamlogos/ncaa/500/2083.png
Buena Vista,,#000000,,http://a.espncdn.com/i/teamlogos/ncaa/500/63.png
Buffalo,Mid-American,#041A9B,#ebebeb,http://a.espncdn.com/i/teamlogos/ncaa/500/2084.png
Buffalo State,,#000000,,http://a.espncdn.com/i/teamlogos/ncaa/500/2085.png
Butler,,#0d1361,#00a3e0,http://a.espncdn.com/i/teamlogos/ncaa/500/2086.png
BYU,FBS Independents,#001E4C,#ffffff,http://a.espncdn.com/i/teamlogos/ncaa/500/252.png
California,Pac-12,#031522,#ffc423,http://a.espncdn.com/i/teamlogos/ncaa/500/25.png
California (PA),,#000000,,http://a.espncdn.com/i/teamlogos/ncaa/500/2858.png
Cal Lutheran,,#000000,,http://a.espncdn.com/i/teamlogos/ncaa/500/2094.png
Cal Poly,,#1E4D2B,#eed897,http://a.espncdn.com/i/teamlogos/ncaa/500/13.png
Campbell,,#000000,,http://a.espncdn.com/i/teamlogos/ncaa/500/2097.png
Capital,,#000000,,http://a.espncdn.com/i/teamlogos/ncaa/500/424.png
Carleton,,#000000,,http://a.espncdn.com/i/teamlogos/ncaa/500/2101.png
Carnegie Mellon,,#000000,,http://a.espncdn.com/i/teamlogos/ncaa/500/2102.png
Carroll (WI),,#000000,,http://a.espncdn.com/i/teamlogos/ncaa/500/32.png
Carson-Newman,,#000000,,http://a.espncdn.com/i/teamlogos/ncaa/500/2105.png
Carthage,,#000000,,http://a.espncdn.com/i/teamlogos/ncaa/500/2106.png
Case Western Reserve,,#000000,,http://a.espncdn.com/i/teamlogos/ncaa/500/2963.png
Castleton State College,,#000000,,http://a.espncdn.com/i/teamlogos/ncaa/500/293.png
Catawba,,#000000,,http://a.espncdn.com/i/teamlogos/ncaa/500/2107.png
Catholic University,,#000000,,http://a.espncdn.com/i/teamlogos/ncaa/500/2108.png
Central,,#000000,,http://a.espncdn.com/i/teamlogos/ncaa/500/2964.png
Central Arkansas,,#a7a9ac,#8e959a,http://a.espncdn.com/i/teamlogos/ncaa/500/2110.png
Central Connecticut,,#1B49A2,#d1d5d8,http://a.espncdn.com/i/teamlogos/ncaa/500/2115.png
Central Methodist,,#000000,,http://a.espncdn.com/i/teamlogos/ncaa/500/2860.png
Central Michigan,Mid-American,#6a0032,#ffffff,http://a.espncdn.com/i/teamlogos/ncaa/500/2117.png
Central Missouri State,,#000000,,http://a.espncdn.com/i/teamlogos/ncaa/500/2118.png
Central Oklahoma,,#000000,,http://a.espncdn.com/i/teamlogos/ncaa/500/2122.png
Central State,,#000000,,http://a.espncdn.com/i/teamlogos/ncaa/500/2119.png
Central Washington,,#000000,,http://a.espncdn.com/i/teamlogos/ncaa/500/2120.png
Centre,,#000000,,http://a.espncdn.com/i/teamlogos/ncaa/500/2121.png
Chadron State,,#000000,,http://a.espncdn.com/i/teamlogos/ncaa/500/2123.png
Chapman,,#000000,,http://a.espncdn.com/i/teamlogos/ncaa/500/411.png
Charleston Southern,,#2e3192,#ded090,http://a.espncdn.com/i/teamlogos/ncaa/500/2127.png
Charleston (WV),,#000000,,http://a.espncdn.com/i/teamlogos/ncaa/500/2128.png
Charlotte,Conference USA,#0C562D,#cfab7a,http://a.espncdn.com/i/teamlogos/ncaa/500/2429.png
Chattanooga,,#00386b,#dca71d,http://a.espncdn.com/i/teamlogos/ncaa/500/236.png
Cheyney,,#000000,,http://a.espncdn.com/i/teamlogos/ncaa/500/2129.png
Chicago,,#000000,,http://a.espncdn.com/i/teamlogos/ncaa/500/80.png
Christopher Newport,,#000000,,http://a.espncdn.com/i/teamlogos/ncaa/500/3112.png
Cincinnati,American Athletic,#000000,#717073,http://a.espncdn.com/i/teamlogos/ncaa/500/2132.png
Claremont,,#000000,,http://a.espncdn.com/i/teamlogos/ncaa/500/17.png
Clarion,,#000000,,http://a.espncdn.com/i/teamlogos/ncaa/500/2134.png
Clark Atlanta,,#000000,,http://a.espncdn.com/i/teamlogos/ncaa/500/2805.png
Clemson,ACC,#F66733,#522d80,http://a.espncdn.com/i/teamlogos/ncaa/500/228.png
Coastal Carolina,Sun Belt,#007073,#876447,http://a.espncdn.com/i/teamlogos/ncaa/500/324.png
Coast Guard,,#000000,,http://a.espncdn.com/i/teamlogos/ncaa/500/2557.png
Coe,,#000000,,http://a.espncdn.com/i/teamlogos/ncaa/500/2141.png
Colby,,#000000,,http://a.espncdn.com/i/teamlogos/ncaa/500/33.png
Colgate,,#8B011D,#231f20,http://a.espncdn.com/i/teamlogos/ncaa/500/2142.png
College of Faith,,,,http://a.espncdn.com/i/teamlogos/ncaa/500/3211.png
College of Faith - Charlotte,,,,http://a.espncdn.com/i/teamlogos/ncaa/500/3253.png
College of Idaho,,,,
College of New Jersey,,#000000,,http://a.espncdn.com/i/teamlogos/ncaa/500/2442.png
Colorado,Pac-12,#d1c57e,#ffd200,http://a.espncdn.com/i/teamlogos/ncaa/500/38.png
Colorado College,,#000000,,http://a.espncdn.com/i/teamlogos/ncaa/500/2144.png
Colorado Mesa,,#000000,,http://a.espncdn.com/i/teamlogos/ncaa/500/11.png
Colorado Mines,,#000000,,http://a.espncdn.com/i/teamlogos/ncaa/500/2146.png
Colorado State,Mountain West,#004537,#ffc425,http://a.espncdn.com/i/teamlogos/ncaa/500/36.png
Colorado State-Pueblo,,#000000,,http://a.espncdn.com/i/teamlogos/ncaa/500/2570.png
Columbia,,#174785,#004b85,http://a.espncdn.com/i/teamlogos/ncaa/500/171.png
Concord,,#000000,,http://a.espncdn.com/i/teamlogos/ncaa/500/2148.png
Concordia (AL),,,,http://a.espncdn.com/i/teamlogos/ncaa/500/3099.png
Concordia College (MI),,#000000,,http://a.espncdn.com/i/teamlogos/ncaa/500/2985.png
Concordia (IL),,#000000,,http://a.espncdn.com/i/teamlogos/ncaa/500/2151.png
Concordia (MN),,#000000,,http://a.espncdn.com/i/teamlogos/ncaa/500/2152.png
Concordia-St. Paul,,#000000,,http://a.espncdn.com/i/teamlogos/ncaa/500/3066.png
Concordia (WI),,#000000,,http://a.espncdn.com/i/teamlogos/ncaa/500/409.png
Connecticut,American Athletic,#001d40,#f1f2f3,http://a.espncdn.com/i/teamlogos/ncaa/500/41.png
Cornell,,#d60027,#101010,http://a.espncdn.com/i/teamlogos/ncaa/500/172.png
Cornell College (IA),,#000000,,http://a.espncdn.com/i/teamlogos/ncaa/500/2155.png
Crown College,,#000000,,http://a.espncdn.com/i/teamlogos/ncaa/500/509.png
Culver-Stockton,,,,http://a.espncdn.com/i/teamlogos/ncaa/500/510.png
Cumberland,,,,http://a.espncdn.com/i/teamlogos/ncaa/500/2161.png
Cumberland College,,#000000,,http://a.espncdn.com/i/teamlogos/ncaa/500/511.png
Curry,,#000000,,http://a.espncdn.com/i/teamlogos/ncaa/500/40.png
Dakota State,,#000000,,http://a.espncdn.com/i/teamlogos/ncaa/500/512.png
Dakota Wesleyan,,,,http://a.espncdn.com/i/teamlogos/ncaa/500/513.png
Dartmouth,,#005730,#000000,http://a.espncdn.com/i/teamlogos/ncaa/500/159.png
Davidson,,#000000,#e51837,http://a.espncdn.com/i/teamlogos/ncaa/500/2166.png
Dayton,,#004B8D,#ffffff,http://a.espncdn.com/i/teamlogos/ncaa/500/2168.png
Defiance,,#000000,,http://a.espncdn.com/i/teamlogos/ncaa/500/190.png
Delaware,,#033594,#e8ce31,http://a.espncdn.com/i/teamlogos/ncaa/500/48.png
Delaware State,,#FF3630,#009cdd,http://a.espncdn.com/i/teamlogos/ncaa/500/2169.png
Delaware Valley,,#000000,,http://a.espncdn.com/i/teamlogos/ncaa/500/2808.png
Delta State,,#000000,,http://a.espncdn.com/i/teamlogos/ncaa/500/2170.png
Denison,,#000000,,http://a.espncdn.com/i/teamlogos/ncaa/500/2171.png
DePauw,,#000000,,http://a.espncdn.com/i/teamlogos/ncaa/500/83.png
Dickinson,,#000000,,http://a.espncdn.com/i/teamlogos/ncaa/500/2175.png
Dickinson State,,#000000,,http://a.espncdn.com/i/teamlogos/ncaa/500/316.png
Drake,,#004477,#c0c0c0,http://a.espncdn.com/i/teamlogos/ncaa/500/2181.png
Dubuque,,#000000,,http://a.espncdn.com/i/teamlogos/ncaa/500/49.png
Duke,ACC,#001A57,#f1f2f3,http://a.espncdn.com/i/teamlogos/ncaa/500/150.png
Duquesne,,#002D62,#b90b2e,http://a.espncdn.com/i/teamlogos/ncaa/500/2184.png
Earlham,,#000000,,http://a.espncdn.com/i/teamlogos/ncaa/500/2189.png
East Carolina,American Athletic,#4b1869,#f0907b,http://a.espncdn.com/i/teamlogos/ncaa/500/151.png
East Central,,#000000,,http://a.espncdn.com/i/teamlogos/ncaa/500/2191.png
Eastern Illinois,,#000000,#bebab9,http://a.espncdn.com/i/teamlogos/ncaa/500/2197.png
Eastern Kentucky,,#660819,#f0f0f0,http://a.espncdn.com/i/teamlogos/ncaa/500/2198.png
Eastern Michigan,Mid-American,#00331b,#f0f0f0,http://a.espncdn.com/i/teamlogos/ncaa/500/2199.png
Eastern New Mexico,,#000000,,http://a.espncdn.com/i/teamlogos/ncaa/500/2201.png
Eastern Oregon,,,,http://a.espncdn.com/i/teamlogos/ncaa/500/2202.png
Eastern Washington,,#a10022,#abb4bc,http://a.espncdn.com/i/teamlogos/ncaa/500/331.png
East Stroudsburg,,#000000,,http://a.espncdn.com/i/teamlogos/ncaa/500/2188.png
East Tennessee State,,#002d61,#ffc423,http://a.espncdn.com/i/teamlogos/ncaa/500/2193.png
East Texas Baptist,,#000000,,http://a.espncdn.com/i/teamlogos/ncaa/500/2194.png
Edinboro,,#000000,,http://a.espncdn.com/i/teamlogos/ncaa/500/2205.png
Elizabeth City State,,#000000,,http://a.espncdn.com/i/teamlogos/ncaa/500/2207.png
Elmhurst,,#000000,,http://a.espncdn.com/i/teamlogos/ncaa/500/72.png
Elon,,#020303,#b59a57,http://a.espncdn.com/i/teamlogos/ncaa/500/2210.png
Emory & Henry,,#000000,,http://a.espncdn.com/i/teamlogos/ncaa/500/2213.png
Emporia State,,#000000,,http://a.espncdn.com/i/teamlogos/ncaa/500/2214.png
Endicott College,,#000000,,http://a.espncdn.com/i/teamlogos/ncaa/500/452.png
Erie Community College,,,,http://a.espncdn.com/i/teamlogos/ncaa/500/3236.png
Eureka College,,#000000,,http://a.espncdn.com/i/teamlogos/ncaa/500/101.png
Evangel,,,,http://a.espncdn.com/i/teamlogos/ncaa/500/2865.png
Fairmont State,,#000000,,http://a.espncdn.com/i/teamlogos/ncaa/500/2986.png
Faulkner,,#000000,,http://a.espncdn.com/i/teamlogos/ncaa/500/2219.png
Fayetteville State,,#000000,,http://a.espncdn.com/i/teamlogos/ncaa/500/2220.png
FDU-Florham,,#000000,,http://a.espncdn.com/i/teamlogos/ncaa/500/2221.png
Ferris State,,#000000,,http://a.espncdn.com/i/teamlogos/ncaa/500/2222.png
Ferrum,,#000000,,http://a.espncdn.com/i/teamlogos/ncaa/500/366.png
Findlay,,#000000,,http://a.espncdn.com/i/teamlogos/ncaa/500/2224.png
Fitchburg State,,#000000,,http://a.espncdn.com/i/teamlogos/ncaa/500/114.png
Florida,SEC,#0021A5,#0021a5,http://a.espncdn.com/i/teamlogos/ncaa/500/57.png
Florida A&M,,#F89728,#00843d,http://a.espncdn.com/i/teamlogos/ncaa/500/50.png
Florida Atlantic,Conference USA,#004B85,#bb2f4c,http://a.espncdn.com/i/teamlogos/ncaa/500/2226.png
Florida International,Conference USA,#001538,#c5960c,http://a.espncdn.com/i/teamlogos/ncaa/500/2229.png
Florida State,ACC,#782F40,#ceb888,http://a.espncdn.com/i/teamlogos/ncaa/500/52.png
Florida Tech,,#000000,,http://a.espncdn.com/i/teamlogos/ncaa/500/53.png
Fordham,,#830032,#909090,http://a.espncdn.com/i/teamlogos/ncaa/500/2230.png
Fort Hays State,,#000000,,http://a.espncdn.com/i/teamlogos/ncaa/500/2231.png
Fort Lewis,,#000000,,http://a.espncdn.com/i/teamlogos/ncaa/500/2237.png
Fort Valley State,,#000000,,http://a.espncdn.com/i/teamlogos/ncaa/500/2232.png
Framingham State,,#000000,,http://a.espncdn.com/i/teamlogos/ncaa/500/2967.png
Franklin,,#000000,,http://a.espncdn.com/i/teamlogos/ncaa/500/2233.png
Franklin & Marshall,,#000000,,http://a.espncdn.com/i/teamlogos/ncaa/500/2234.png
Fresno State,Mountain West,#c41230,#231f20,http://a.espncdn.com/i/teamlogos/ncaa/500/278.png
Frostburg State,,#000000,,http://a.espncdn.com/i/teamlogos/ncaa/500/341.png
Furman,,#4A2184,#909090,http://a.espncdn.com/i/teamlogos/ncaa/500/231.png
Gallaudet,,#000000,,http://a.espncdn.com/i/teamlogos/ncaa/500/417.png
Gannon,,#000000,,http://a.espncdn.com/i/teamlogos/ncaa/500/367.png
Gardner-Webb,,#c12535,#909090,http://a.espncdn.com/i/teamlogos/ncaa/500/2241.png
Geneva College,,#000000,,http://a.espncdn.com/i/teamlogos/ncaa/500/2242.png
George Fox University,,,,http://a.espncdn.com/i/teamlogos/ncaa/500/415.png
George Mason,,#016600,#ecb010,http://a.espncdn.com/i/teamlogos/ncaa/500/2244.png
Georgetown,,#110E42,#001c58,http://a.espncdn.com/i/teamlogos/ncaa/500/46.png
Georgia,SEC,#CC0000,#000000,http://a.espncdn.com/i/teamlogos/ncaa/500/61.png
Georgia Southern,Sun Belt,#003775,#f0f0f0,http://a.espncdn.com/i/teamlogos/ncaa/500/290.png
Georgia State,Sun Belt,#1e539a,#ebebeb,http://a.espncdn.com/i/teamlogos/ncaa/500/2247.png
Georgia Tech,ACC,#00223e,#002c56,http://a.espncdn.com/i/teamlogos/ncaa/500/59.png
Gettysburg,,#000000,,http://a.espncdn.com/i/teamlogos/ncaa/500/2248.png
Glenville State,,#000000,,http://a.espncdn.com/i/teamlogos/ncaa/500/2249.png
Graceland University,,#000000,,http://a.espncdn.com/i/teamlogos/ncaa/500/530.png
Grambling,,#ee8601,#ffd10a,http://a.espncdn.com/i/teamlogos/ncaa/500/2755.png
Grand Valley State,,#000000,,http://a.espncdn.com/i/teamlogos/ncaa/500/125.png
Greensboro,,#000000,,http://a.espncdn.com/i/teamlogos/ncaa/500/2256.png
Greenville,,#000000,,http://a.espncdn.com/i/teamlogos/ncaa/500/2257.png
Grinnell,,#000000,,http://a.espncdn.com/i/teamlogos/ncaa/500/65.png
Grove City College,,#000000,,http://a.espncdn.com/i/teamlogos/ncaa/500/146.png
Guilford,,#000000,,http://a.espncdn.com/i/teamlogos/ncaa/500/2258.png
Gustavus Adolphus,,#000000,,http://a.espncdn.com/i/teamlogos/ncaa/500/2968.png
Hamilton,,#000000,,http://a.espncdn.com/i/teamlogos/ncaa/500/348.png
Hamline,,#000000,,http://a.espncdn.com/i/teamlogos/ncaa/500/162.png
Hampden-Sydney,,#000000,,http://a.espncdn.com/i/teamlogos/ncaa/500/297.png
Hampton,,#0067AC,,http://a.espncdn.com/i/teamlogos/ncaa/500/2261.png
Hanover,,#000000,,http://a.espncdn.com/i/teamlogos/ncaa/500/2262.png
Harding,,#000000,,http://a.espncdn.com/i/teamlogos/ncaa/500/2264.png
Hardin-Simmons,,#000000,,http://a.espncdn.com/i/teamlogos/ncaa/500/2810.png
Hartwick,,#000000,,http://a.espncdn.com/i/teamlogos/ncaa/500/173.png
Harvard,,#990000,#dbdbdb,http://a.espncdn.com/i/teamlogos/ncaa/500/108.png
Haskell Indian Nations,,#000000,,http://a.espncdn.com/i/teamlogos/ncaa/500/535.png
Hawai'i,Mountain West,#003420,#ffffff,http://a.espncdn.com/i/teamlogos/ncaa/500/62.png
Heidelberg,,#000000,,http://a.espncdn.com/i/teamlogos/ncaa/500/191.png
Henderson State,,#000000,,http://a.espncdn.com/i/teamlogos/ncaa/500/2271.png
Hendrix College,,,,http://a.espncdn.com/i/teamlogos/ncaa/500/418.png
Hillsdale,,#000000,,http://a.espncdn.com/i/teamlogos/ncaa/500/2273.png
Hiram,,#000000,,http://a.espncdn.com/i/teamlogos/ncaa/500/2274.png
Hobart,,#000000,,http://a.espncdn.com/i/teamlogos/ncaa/500/174.png
Holland College,,,,
Holy Cross,,#0a0a0a,#080808,http://a.espncdn.com/i/teamlogos/ncaa/500/107.png
Hope,,#000000,,http://a.espncdn.com/i/teamlogos/ncaa/500/2812.png
Houston,American Athletic,#C90822,#231f20,http://a.espncdn.com/i/teamlogos/ncaa/500/248.png
Houston Baptist,,#00539c,,http://a.espncdn.com/i/teamlogos/ncaa/500/2277.png
Howard,,#9e0b0e,#6b818d,http://a.espncdn.com/i/teamlogos/ncaa/500/47.png
Howard Payne,,#000000,,http://a.espncdn.com/i/teamlogos/ncaa/500/2758.png
Humboldt State,,#000000,,http://a.espncdn.com/i/teamlogos/ncaa/500/2278.png
Huntingdon,,#000000,,http://a.espncdn.com/i/teamlogos/ncaa/500/2938.png
Husson,,#000000,,http://a.espncdn.com/i/teamlogos/ncaa/500/2280.png
Idaho,,#000000,#8c6e4a,http://a.espncdn.com/i/teamlogos/ncaa/500/70.png
Idaho State,,#ef8c00,#e9a126,http://a.espncdn.com/i/teamlogos/ncaa/500/304.png
Illinois,Big Ten,#f77329,#fa6300,http://a.espncdn.com/i/teamlogos/ncaa/500/356.png
Illinois College,,#000000,,http://a.espncdn.com/i/teamlogos/ncaa/500/2286.png
Illinois State,,#CE1126,#ffe716,http://a.espncdn.com/i/teamlogos/ncaa/500/2287.png
Illinois Wesleyan,,#000000,,http://a.espncdn.com/i/teamlogos/ncaa/500/306.png
Incarnate Word,,#000000,#080808,http://a.espncdn.com/i/teamlogos/ncaa/500/2916.png
Indiana,Big Ten,#7D110C,#eeedeb,http://a.espncdn.com/i/teamlogos/ncaa/500/84.png
Indiana (PA),,#000000,,http://a.espncdn.com/i/teamlogos/ncaa/500/2291.png
Indianapolis,,#000000,,http://a.espncdn.com/i/teamlogos/ncaa/500/2292.png
Indiana State,,#00669a,#f0f0f0,http://a.espncdn.com/i/teamlogos/ncaa/500/282.png
Iowa,Big Ten,#000000,#ffe100,http://a.espncdn.com/i/teamlogos/ncaa/500/2294.png
Iowa State,Big 12,#660015,#830b2c,http://a.espncdn.com/i/teamlogos/ncaa/500/66.png
Iowa Wesleyan,,#000000,,http://a.espncdn.com/i/teamlogos/ncaa/500/2295.png
Ithaca,,#000000,,http://a.espncdn.com/i/teamlogos/ncaa/500/175.png
Jackson State,,#123297,#b5b7ba,http://a.espncdn.com/i/teamlogos/ncaa/500/2296.png
Jacksonville,,#00523e,,http://a.espncdn.com/i/teamlogos/ncaa/500/294.png
Jacksonville State,,#b50500,#b5b7ba,http://a.espncdn.com/i/teamlogos/ncaa/500/55.png
James Madison,,#450084,#cbb778,http://a.espncdn.com/i/teamlogos/ncaa/500/256.png
Jamestown,,#000000,,http://a.espncdn.com/i/teamlogos/ncaa/500/2939.png
John Carroll,,#000000,,http://a.espncdn.com/i/teamlogos/ncaa/500/2302.png
Johns Hopkins,,#000000,,http://a.espncdn.com/i/teamlogos/ncaa/500/118.png
Johnson C Smith,,#000000,,http://a.espncdn.com/i/teamlogos/ncaa/500/2304.png
Juniata,,#000000,,http://a.espncdn.com/i/teamlogos/ncaa/500/246.png
Kalamazoo,,#000000,,http://a.espncdn.com/i/teamlogos/ncaa/500/126.png
Kansas,Big 12,#0022B4,#e8000d,http://a.espncdn.com/i/teamlogos/ncaa/500/2305.png
Kansas State,Big 12,#633194,#e7d2ad,http://a.espncdn.com/i/teamlogos/ncaa/500/2306.png
Kansas Wesleyan University,,#000000,,http://a.espncdn.com/i/teamlogos/ncaa/500/547.png
Kennesaw State,,#000000,#fdbb30,http://a.espncdn.com/i/teamlogos/ncaa/500/338.png
Kent State,Mid-American,#002445,#f0b510,http://a.espncdn.com/i/teamlogos/ncaa/500/2309.png
Kentucky,SEC,#005DAA,#ffffff,http://a.espncdn.com/i/teamlogos/ncaa/500/96.png
Kentucky State,,#000000,,http://a.espncdn.com/i/teamlogos/ncaa/500/2310.png
Kentucky Wesleyan,,#000000,,http://a.espncdn.com/i/teamlogos/ncaa/500/2316.png
Kenyon,,#000000,,http://a.espncdn.com/i/teamlogos/ncaa/500/352.png
King's College (PA),,#000000,,http://a.espncdn.com/i/teamlogos/ncaa/500/247.png
Kutztown,,#000000,,http://a.espncdn.com/i/teamlogos/ncaa/500/2315.png
Lafayette,,#790000,#a59474,http://a.espncdn.com/i/teamlogos/ncaa/500/322.png
LaGrange College,,#000000,,http://a.espncdn.com/i/teamlogos/ncaa/500/548.png
Lake Erie College,,#000000,,http://a.espncdn.com/i/teamlogos/ncaa/500/437.png
Lake Forest,,#000000,,http://a.espncdn.com/i/teamlogos/ncaa/500/262.png
Lamar,,#000000,#ebebeb,http://a.espncdn.com/i/teamlogos/ncaa/500/2320.png
Lambuth,,#000000,,http://a.espncdn.com/i/teamlogos/ncaa/500/2321.png
Langston,,,,http://a.espncdn.com/i/teamlogos/ncaa/500/2324.png
La Verne,,#000000,,http://a.espncdn.com/i/teamlogos/ncaa/500/2318.png
Lawrence,,#000000,,http://a.espncdn.com/i/teamlogos/ncaa/500/268.png
Lebanon Valley,,#000000,,http://a.espncdn.com/i/teamlogos/ncaa/500/388.png
Lehigh,,#6c2b2a,#b69e70,http://a.espncdn.com/i/teamlogos/ncaa/500/2329.png
Lenoir-Rhyne,,#000000,,http://a.espncdn.com/i/teamlogos/ncaa/500/2331.png
Lewis & Clark,,#000000,,http://a.espncdn.com/i/teamlogos/ncaa/500/2333.png
Liberty,FBS Independents,#071740,#a61f21,http://a.espncdn.com/i/teamlogos/ncaa/500/2335.png
Limestone,,,,http://a.espncdn.com/i/teamlogos/ncaa/500/2336.png
Lincoln (MO),,#000000,,http://a.espncdn.com/i/teamlogos/ncaa/500/2876.png
Lincoln (PA),,#000000,,http://a.espncdn.com/i/teamlogos/ncaa/500/2339.png
Lindenwood,,#000000,,http://a.espncdn.com/i/teamlogos/ncaa/500/2815.png
Lindenwood Belleville,,,,http://a.espncdn.com/i/teamlogos/ncaa/500/3209.png
Lindsey Wilson,,,,http://a.espncdn.com/i/teamlogos/ncaa/500/2877.png
Linfield,,#000000,,http://a.espncdn.com/i/teamlogos/ncaa/500/203.png
LIU Post,,#000000,,http://a.espncdn.com/i/teamlogos/ncaa/500/2089.png
Livingstone,,#000000,,http://a.espncdn.com/i/teamlogos/ncaa/500/2940.png
Lock Haven,,#000000,,http://a.espncdn.com/i/teamlogos/ncaa/500/209.png
Long Island University,,#69B3E7,#FFC72C,https://a.espncdn.com/i/teamlogos/ncaa/500/112358.png
Louisiana,Sun Belt,#ce2842,#0a0203,http://a.espncdn.com/i/teamlogos/ncaa/500/309.png
Louisiana College,,#000000,,http://a.espncdn.com/i/teamlogos/ncaa/500/2347.png
Louisiana Monroe,Sun Belt,#231F20,#b18445,http://a.espncdn.com/i/teamlogos/ncaa/500/2433.png
Louisiana Tech,Conference USA,#002d65,#d3313a,http://a.espncdn.com/i/teamlogos/ncaa/500/2348.png
Louisville,ACC,#ad000a,#cccccc,http://a.espncdn.com/i/teamlogos/ncaa/500/97.png
LSU,SEC,#22005c,#fdd023,http://a.espncdn.com/i/teamlogos/ncaa/500/99.png
Luther,,#000000,,http://a.espncdn.com/i/teamlogos/ncaa/500/67.png
Lycoming,,#000000,,http://a.espncdn.com/i/teamlogos/ncaa/500/2354.png
Macalester,,#000000,,http://a.espncdn.com/i/teamlogos/ncaa/500/2359.png
MacMurray College,,#000000,,http://a.espncdn.com/i/teamlogos/ncaa/500/273.png
Maine,,#127dbe,,http://a.espncdn.com/i/teamlogos/ncaa/500/311.png
Maine Maritime,,#000000,,http://a.espncdn.com/i/teamlogos/ncaa/500/274.png
Malone,,#000000,,http://a.espncdn.com/i/teamlogos/ncaa/500/556.png
Manchester,,#000000,,http://a.espncdn.com/i/teamlogos/ncaa/500/2362.png
Manitoba,,#000000,,http://a.espncdn.com/i/teamlogos/ncaa/500/2770.png
Mansfield,,#000000,,http://a.espncdn.com/i/teamlogos/ncaa/500/2365.png
Maranatha Baptist College,,#000000,,http://a.espncdn.com/i/teamlogos/ncaa/500/421.png
Marian,,#000000,,http://a.espncdn.com/i/teamlogos/ncaa/500/2366.png
Marietta,,#000000,,http://a.espncdn.com/i/teamlogos/ncaa/500/317.png
Marist,,#e53730,#f0f0f0,http://a.espncdn.com/i/teamlogos/ncaa/500/2368.png
Marshall,Conference USA,#186329,#be854c,http://a.espncdn.com/i/teamlogos/ncaa/500/276.png
Mars Hill,,#000000,,http://a.espncdn.com/i/teamlogos/ncaa/500/2369.png
Martin Luther College,,#000000,,http://a.espncdn.com/i/teamlogos/ncaa/500/446.png
Mary Hardin-Baylor,,#000000,,http://a.espncdn.com/i/teamlogos/ncaa/500/2371.png
Maryland,Big Ten,#D5002B,#ffcd00,http://a.espncdn.com/i/teamlogos/ncaa/500/120.png
Maryville TN,,#000000,,http://a.espncdn.com/i/teamlogos/ncaa/500/2373.png
Mass Maritime,,#000000,,http://a.espncdn.com/i/teamlogos/ncaa/500/110.png
Mayville State,,#000000,,http://a.espncdn.com/i/teamlogos/ncaa/500/561.png
McDaniel College,,#000000,,http://a.espncdn.com/i/teamlogos/ncaa/500/2700.png
McMurry,,#000000,,http://a.espncdn.com/i/teamlogos/ncaa/500/241.png
McNeese,,#00529C,,http://a.espncdn.com/i/teamlogos/ncaa/500/2377.png
Memphis,American Athletic,#002447,#231f20,http://a.espncdn.com/i/teamlogos/ncaa/500/235.png
Menlo,,#000000,,http://a.espncdn.com/i/teamlogos/ncaa/500/2381.png
Mercer,,#ff7f29,#080808,http://a.espncdn.com/i/teamlogos/ncaa/500/2382.png
Merchant Marine,,#000000,,http://a.espncdn.com/i/teamlogos/ncaa/500/2383.png
Mercyhurst,,#000000,,http://a.espncdn.com/i/teamlogos/ncaa/500/2385.png
Merrimack,,#000000,,http://a.espncdn.com/i/teamlogos/ncaa/500/2771.png
Methodist,,#000000,,http://a.espncdn.com/i/teamlogos/ncaa/500/291.png
Miami,ACC,#004325,#f0f0f0,http://a.espncdn.com/i/teamlogos/ncaa/500/2390.png
Miami (OH),Mid-American,#a4000c,#f0f0f0,http://a.espncdn.com/i/teamlogos/ncaa/500/193.png
Michigan,Big Ten,#00274c,#ffcb05,http://a.espncdn.com/i/teamlogos/ncaa/500/130.png
Michigan State,Big Ten,#18453B,#ffffff,http://a.espncdn.com/i/teamlogos/ncaa/500/127.png
Michigan Tech,,#000000,,http://a.espncdn.com/i/teamlogos/ncaa/500/2392.png
Middlebury,,#000000,,http://a.espncdn.com/i/teamlogos/ncaa/500/2394.png
Middle Tennessee,Conference USA,#0079C2,#c3c5c8,http://a.espncdn.com/i/teamlogos/ncaa/500/2393.png
Midland University,,#000000,,http://a.espncdn.com/i/teamlogos/ncaa/500/565.png
Midwestern State,,#000000,,http://a.espncdn.com/i/teamlogos/ncaa/500/2395.png
Miles,,#000000,,http://a.espncdn.com/i/teamlogos/ncaa/500/2396.png
Millersville,,#000000,,http://a.espncdn.com/i/teamlogos/ncaa/500/210.png
Millikin,,#000000,,http://a.espncdn.com/i/teamlogos/ncaa/500/74.png
Millsaps,,#000000,,http://a.espncdn.com/i/teamlogos/ncaa/500/2398.png
Minnesota,Big Ten,#7F011B,#7a0019,http://a.espncdn.com/i/teamlogos/ncaa/500/135.png
Minnesota-Crookston,,#000000,,http://a.espncdn.com/i/teamlogos/ncaa/500/2772.png
Minnesota-Duluth,,#000000,,http://a.espncdn.com/i/teamlogos/ncaa/500/134.png
Minnesota-Morris,,#000000,,http://a.espncdn.com/i/teamlogos/ncaa/500/2399.png
Minnesota State,,#000000,,http://a.espncdn.com/i/teamlogos/ncaa/500/2364.png
Minnesota St-Moorhead,,#000000,,http://a.espncdn.com/i/teamlogos/ncaa/500/2817.png
Minot State,,#000000,,http://a.espncdn.com/i/teamlogos/ncaa/500/568.png
Misericordia,,#000000,,http://a.espncdn.com/i/teamlogos/ncaa/500/2969.png
Mississippi College,,#000000,,http://a.espncdn.com/i/teamlogos/ncaa/500/2401.png
Mississippi State,SEC,#762123,#c8c8c8,http://a.espncdn.com/i/teamlogos/ncaa/500/344.png
Mississippi Valley State,,#005328,#cf2d34,http://a.espncdn.com/i/teamlogos/ncaa/500/2400.png
Missouri,SEC,#000000,#000000,http://a.espncdn.com/i/teamlogos/ncaa/500/142.png
Missouri Baptist,,,,http://a.espncdn.com/i/teamlogos/ncaa/500/2880.png
Missouri Southern State,,#000000,,http://a.espncdn.com/i/teamlogos/ncaa/500/2403.png
Missouri S&T,,#000000,,http://a.espncdn.com/i/teamlogos/ncaa/500/2402.png
Missouri State,,#5F0000,#e8e8e8,http://a.espncdn.com/i/teamlogos/ncaa/500/2623.png
Missouri Western,,#000000,,http://a.espncdn.com/i/teamlogos/ncaa/500/137.png
Monmouth,,#051844,,http://a.espncdn.com/i/teamlogos/ncaa/500/2405.png
Monmouth (IL),,#000000,,http://a.espncdn.com/i/teamlogos/ncaa/500/2919.png
Montana,,#751D4A,#666666,http://a.espncdn.com/i/teamlogos/ncaa/500/149.png
Montana State,,#003875,#bf965c,http://a.espncdn.com/i/teamlogos/ncaa/500/147.png
Montana-Western,,#000000,,http://a.espncdn.com/i/teamlogos/ncaa/500/2701.png
Montclair State,,#000000,,http://a.espncdn.com/i/teamlogos/ncaa/500/2818.png
Monterrey Tech,,#000000,,http://a.espncdn.com/i/teamlogos/ncaa/500/3100.png
Moravian,,#000000,,http://a.espncdn.com/i/teamlogos/ncaa/500/323.png
Morehead State,,#094FA3,#fed91a,http://a.espncdn.com/i/teamlogos/ncaa/500/2413.png
Morehouse,,#000000,,http://a.espncdn.com/i/teamlogos/ncaa/500/60.png
Morgan State,,#014786,#f47937,http://a.espncdn.com/i/teamlogos/ncaa/500/2415.png
Morningside,,#000000,,http://a.espncdn.com/i/teamlogos/ncaa/500/2416.png
Morrisville State,,#000000,,http://a.espncdn.com/i/teamlogos/ncaa/500/3110.png
Mount Ida College,,#000000,,http://a.espncdn.com/i/teamlogos/ncaa/500/481.png
Mount St. Joseph,,#000000,,http://a.espncdn.com/i/teamlogos/ncaa/500/2419.png
Mount Union,,#000000,,http://a.espncdn.com/i/teamlogos/ncaa/500/426.png
Muhlenberg,,#000000,,http://a.espncdn.com/i/teamlogos/ncaa/500/2422.png
Murray State,,#002148,#000e00,http://a.espncdn.com/i/teamlogos/ncaa/500/93.png
Muskingum,,#000000,,http://a.espncdn.com/i/teamlogos/ncaa/500/332.png
Navy,American Athletic,#131630,#b6a77c,http://a.espncdn.com/i/teamlogos/ncaa/500/2426.png
NC State,ACC,#EF1216,#231f20,http://a.espncdn.com/i/teamlogos/ncaa/500/152.png
NC Wesleyan,,#000000,,http://a.espncdn.com/i/teamlogos/ncaa/500/286.png
Nebraska,Big Ten,#F20017,#f5f1e7,http://a.espncdn.com/i/teamlogos/ncaa/500/158.png
Nebraska-Kearney,,#000000,,http://a.espncdn.com/i/teamlogos/ncaa/500/2438.png
Nebraska-Omaha,,#e3193e,,http://a.espncdn.com/i/teamlogos/ncaa/500/2437.png
Nevada,Mountain West,#153E5F,#8e9295,http://a.espncdn.com/i/teamlogos/ncaa/500/2440.png
Newberry,,#000000,,http://a.espncdn.com/i/teamlogos/ncaa/500/2444.png
New Hampshire,,#004990,#c3c4c6,http://a.espncdn.com/i/teamlogos/ncaa/500/160.png
New Haven,,#000000,,http://a.espncdn.com/i/teamlogos/ncaa/500/2441.png
New Mexico,Mountain West,#000000,#231f20,http://a.espncdn.com/i/teamlogos/ncaa/500/167.png
New Mexico Highlands,,#000000,,http://a.espncdn.com/i/teamlogos/ncaa/500/2424.png
New Mexico State,FBS Independents,#891216,#000000,http://a.espncdn.com/i/teamlogos/ncaa/500/166.png
Nicholls,,#C41230,#f0f0f0,http://a.espncdn.com/i/teamlogos/ncaa/500/2447.png
Nichols,,#000000,,http://a.espncdn.com/i/teamlogos/ncaa/500/2884.png
Norfolk State,,#046546,,http://a.espncdn.com/i/teamlogos/ncaa/500/2450.png
North Alabama,,#000000,,http://a.espncdn.com/i/teamlogos/ncaa/500/2453.png
North Carolina,ACC,#99bfe5,#13294b,http://a.espncdn.com/i/teamlogos/ncaa/500/153.png
North Carolina A&T,,#0505aa,#004684,http://a.espncdn.com/i/teamlogos/ncaa/500/2448.png
North Carolina Central,,#880023,#c2c3c0,http://a.espncdn.com/i/teamlogos/ncaa/500/2428.png
North Central,,#000000,,http://a.espncdn.com/i/teamlogos/ncaa/500/3071.png
North Dakota,,#00A26B,#c2c3c0,http://a.espncdn.com/i/teamlogos/ncaa/500/155.png
North Dakota State,,#01402A,#ffffff,http://a.espncdn.com/i/teamlogos/ncaa/500/2449.png
Northeastern State,,#000000,,http://a.espncdn.com/i/teamlogos/ncaa/500/196.png
Northern Arizona,,#003976,#1b3069,http://a.espncdn.com/i/teamlogos/ncaa/500/2464.png
Northern Colorado,,#13558D,#ffc533,http://a.espncdn.com/i/teamlogos/ncaa/500/2458.png
Northern Illinois,Mid-American,#F1122C,#cc0000,http://a.espncdn.com/i/teamlogos/ncaa/500/2459.png
Northern Iowa,,#473282,#ffffff,http://a.espncdn.com/i/teamlogos/ncaa/500/2460.png
Northern Michigan,,#000000,,http://a.espncdn.com/i/teamlogos/ncaa/500/128.png
Northern State,,#000000,,http://a.espncdn.com/i/teamlogos/ncaa/500/425.png
North Greenville,,#000000,,http://a.espncdn.com/i/teamlogos/ncaa/500/2822.png
North Park,,#000000,,http://a.espncdn.com/i/teamlogos/ncaa/500/75.png
North Texas,Conference USA,#00853D,#000000,http://a.espncdn.com/i/teamlogos/ncaa/500/249.png
Northwestern,Big Ten,#372286,#d6cac1,http://a.espncdn.com/i/teamlogos/ncaa/500/77.png
Northwestern (MN),,#000000,,http://a.espncdn.com/i/teamlogos/ncaa/500/583.png
Northwestern Oklahoma State,,#000000,,http://a.espncdn.com/i/teamlogos/ncaa/500/2823.png
Northwestern State,,#492F91,#ed6118,http://a.espncdn.com/i/teamlogos/ncaa/500/2466.png
Northwest Missouri State,,#000000,,http://a.espncdn.com/i/teamlogos/ncaa/500/138.png
Northwood (MI),,#000000,,http://a.espncdn.com/i/teamlogos/ncaa/500/2886.png
Norwich,,#000000,,http://a.espncdn.com/i/teamlogos/ncaa/500/2467.png
Notre Dame,FBS Independents,#00122b,#ae9142,http://a.espncdn.com/i/teamlogos/ncaa/500/87.png
Notre Dame College,,#000000,,http://a.espncdn.com/i/teamlogos/ncaa/500/587.png
Oberlin,,#000000,,http://a.espncdn.com/i/teamlogos/ncaa/500/391.png
Occidental,,#000000,,http://a.espncdn.com/i/teamlogos/ncaa/500/2475.png
Ohio,Mid-American,#295A29,#e4bb85,http://a.espncdn.com/i/teamlogos/ncaa/500/195.png
Ohio Dominican,,,,
Ohio Midwestern College,,,,
Ohio Northern,,#000000,,http://a.espncdn.com/i/teamlogos/ncaa/500/427.png
Ohio State,Big Ten,#DE3121,#666666,http://a.espncdn.com/i/teamlogos/ncaa/500/194.png
Ohio State Newark,,#000000,,http://a.espncdn.com/i/teamlogos/ncaa/500/3161.png
Ohio Wesleyan,,#000000,,http://a.espncdn.com/i/teamlogos/ncaa/500/2980.png
Oklahoma,Big 12,#7b0000,#cccccc,http://a.espncdn.com/i/teamlogos/ncaa/500/201.png
Oklahoma Baptist,,,,http://a.espncdn.com/i/teamlogos/ncaa/500/319.png
Oklahoma State,Big 12,#FF6500,#ff9900,http://a.espncdn.com/i/teamlogos/ncaa/500/197.png
OK Panhandle St,,#000000,,http://a.espncdn.com/i/teamlogos/ncaa/500/2824.png
Old Dominion,Conference USA,#00507d,#a1d2f1,http://a.espncdn.com/i/teamlogos/ncaa/500/295.png
Ole Miss,SEC,#001148,#00205b,http://a.espncdn.com/i/teamlogos/ncaa/500/145.png
Olivet College,,#000000,,http://a.espncdn.com/i/teamlogos/ncaa/500/354.png
Oregon,Pac-12,#044520,#fee123,http://a.espncdn.com/i/teamlogos/ncaa/500/2483.png
Oregon State,Pac-12,#c34500,#dea076,http://a.espncdn.com/i/teamlogos/ncaa/500/204.png
Otterbein,,#000000,,http://a.espncdn.com/i/teamlogos/ncaa/500/359.png
Ouachita Baptist,,#000000,,http://a.espncdn.com/i/teamlogos/ncaa/500/2888.png
Pace,,#000000,,http://a.espncdn.com/i/teamlogos/ncaa/500/2487.png
Pacific Lutheran,,#000000,,http://a.espncdn.com/i/teamlogos/ncaa/500/2486.png
Pacific (OR),,#000000,,http://a.espncdn.com/i/teamlogos/ncaa/500/205.png
Penn State,Big Ten,#00265D,#002e5c,http://a.espncdn.com/i/teamlogos/ncaa/500/213.png
Pennsylvania,,#082A74,#a6163d,http://a.espncdn.com/i/teamlogos/ncaa/500/219.png
Pikeville,,,,http://a.espncdn.com/i/teamlogos/ncaa/500/95.png
Pittsburgh,ACC,#003263,#231f20,http://a.espncdn.com/i/teamlogos/ncaa/500/221.png
Pittsburg State,,#000000,,http://a.espncdn.com/i/teamlogos/ncaa/500/90.png
Plymouth State,,#000000,,http://a.espncdn.com/i/teamlogos/ncaa/500/2972.png
Point University,,,,http://a.espncdn.com/i/teamlogos/ncaa/500/3179.png
Pomona-Pitzer,,#000000,,http://a.espncdn.com/i/teamlogos/ncaa/500/2923.png
Portland State,,#00311e,#ebebeb,http://a.espncdn.com/i/teamlogos/ncaa/500/2502.png
Prairie View,,#4d0960,,http://a.espncdn.com/i/teamlogos/ncaa/500/2504.png
Presbyterian College,,#194896,#990134,http://a.espncdn.com/i/teamlogos/ncaa/500/2506.png
Presentation College,,#000000,,http://a.espncdn.com/i/teamlogos/ncaa/500/597.png
Princeton,,#ff9408,#080808,http://a.espncdn.com/i/teamlogos/ncaa/500/163.png
Principia College,,#000000,,http://a.espncdn.com/i/teamlogos/ncaa/500/363.png
Puget Sound,,#000000,,http://a.espncdn.com/i/teamlogos/ncaa/500/2508.png
Purdue,Big Ten,#B89D29,#a4a9ad,http://a.espncdn.com/i/teamlogos/ncaa/500/2509.png
Quincy,,#000000,,http://a.espncdn.com/i/teamlogos/ncaa/500/2825.png
Randolph-Macon,,#000000,,http://a.espncdn.com/i/teamlogos/ncaa/500/2516.png
Redlands,,#000000,,http://a.espncdn.com/i/teamlogos/ncaa/500/29.png
Reinhardt,,,,http://a.espncdn.com/i/teamlogos/ncaa/500/2890.png
Rensselaer,,#000000,,http://a.espncdn.com/i/teamlogos/ncaa/500/2528.png
Rhode Island,,#3691C6,#5ab3e8,http://a.espncdn.com/i/teamlogos/ncaa/500/227.png
Rhodes,,#000000,,http://a.espncdn.com/i/teamlogos/ncaa/500/2519.png
Rice,Conference USA,#003D7D,#d1d5d8,http://a.espncdn.com/i/teamlogos/ncaa/500/242.png
Richmond,,#9e0712,#b90b2e,http://a.espncdn.com/i/teamlogos/ncaa/500/257.png
Ripon,,#000000,,http://a.espncdn.com/i/teamlogos/ncaa/500/2891.png
Robert Morris,,#00214D,#a21d2b,http://a.espncdn.com/i/teamlogos/ncaa/500/2523.png
Robert Morris (IL),,#000000,,http://a.espncdn.com/i/teamlogos/ncaa/500/599.png
Rochester,,#000000,,http://a.espncdn.com/i/teamlogos/ncaa/500/184.png
Rockford,,#000000,,http://a.espncdn.com/i/teamlogos/ncaa/500/2524.png
Rose-Hulman,,#000000,,http://a.espncdn.com/i/teamlogos/ncaa/500/86.png
Rowan,,#000000,,http://a.espncdn.com/i/teamlogos/ncaa/500/2827.png
Rutgers,Big Ten,#d21034,#ffffff,http://a.espncdn.com/i/teamlogos/ncaa/500/164.png
Sacramento State,,#00573C,#cdb97d,http://a.espncdn.com/i/teamlogos/ncaa/500/16.png
Sacred Heart,,#a40012,#c29472,http://a.espncdn.com/i/teamlogos/ncaa/500/2529.png
Saginaw Valley,,#000000,,http://a.espncdn.com/i/teamlogos/ncaa/500/129.png
Salisbury,,#000000,,http://a.espncdn.com/i/teamlogos/ncaa/500/2532.png
Salve Regina,,#000000,,http://a.espncdn.com/i/teamlogos/ncaa/500/2776.png
Samford,,#005485,#bc0023,http://a.espncdn.com/i/teamlogos/ncaa/500/2535.png
Sam Houston State,,#F78F1E,#f78e1e,http://a.espncdn.com/i/teamlogos/ncaa/500/2534.png
San Diego,,#2f99d4,#2f99d4,http://a.espncdn.com/i/teamlogos/ncaa/500/301.png
San Diego State,Mountain West,#BF2C37,#a8996e,http://a.espncdn.com/i/teamlogos/ncaa/500/21.png
San José State,Mountain West,#005893,#fdba31,http://a.espncdn.com/i/teamlogos/ncaa/500/23.png
Savannah State,,#280298,#f78f1e,http://a.espncdn.com/i/teamlogos/ncaa/500/2542.png
Seton Hill College,,#000000,,http://a.espncdn.com/i/teamlogos/ncaa/500/611.png
Sewanee Univ. of the South,,#000000,,http://a.espncdn.com/i/teamlogos/ncaa/500/2553.png
Shaw,,#000000,,http://a.espncdn.com/i/teamlogos/ncaa/500/2551.png
Shenandoah,,#000000,,http://a.espncdn.com/i/teamlogos/ncaa/500/2828.png
Shepherd,,#000000,,http://a.espncdn.com/i/teamlogos/ncaa/500/2974.png
Shepherd Tech,,#000000,,http://a.espncdn.com/i/teamlogos/ncaa/500/3181.png
Shippensburg,,#000000,,http://a.espncdn.com/i/teamlogos/ncaa/500/2559.png
Siena Heights,,#000000,,http://a.espncdn.com/i/teamlogos/ncaa/500/2562.png
Simon Fraser,,#000000,,http://a.espncdn.com/i/teamlogos/ncaa/500/2829.png
Simpson College,,#000000,,http://a.espncdn.com/i/teamlogos/ncaa/500/2564.png
Slippery Rock,,#000000,,http://a.espncdn.com/i/teamlogos/ncaa/500/215.png
SMU,American Athletic,#E32F38,#ecdcb9,http://a.espncdn.com/i/teamlogos/ncaa/500/2567.png
South Alabama,Sun Belt,#003E7E,#bf0d3e,http://a.espncdn.com/i/teamlogos/ncaa/500/6.png
South Carolina,SEC,#670010,#000000,http://a.espncdn.com/i/teamlogos/ncaa/500/2579.png
South Carolina State,,#7d1315,#104897,http://a.espncdn.com/i/teamlogos/ncaa/500/2569.png
South Dakota,,#CD1241,#f0f0f0,http://a.espncdn.com/i/teamlogos/ncaa/500/233.png
South Dakota Mines,,#000000,,http://a.espncdn.com/i/teamlogos/ncaa/500/613.png
South Dakota State,,#005DAB,#c33139,http://a.espncdn.com/i/teamlogos/ncaa/500/2571.png
Southeastern Louisiana,,#007550,#dca008,http://a.espncdn.com/i/teamlogos/ncaa/500/2545.png
Southeastern Oklahoma,,#000000,,http://a.espncdn.com/i/teamlogos/ncaa/500/199.png
Southeastern University,,#000000,,http://a.espncdn.com/i/teamlogos/ncaa/500/267.png
Southeast Missouri State,,#cc0000,#080808,http://a.espncdn.com/i/teamlogos/ncaa/500/2546.png
Southern,,#004B97,#ffc82d,http://a.espncdn.com/i/teamlogos/ncaa/500/2582.png
Southern Arkansas,,#000000,,http://a.espncdn.com/i/teamlogos/ncaa/500/2568.png
Southern Connecticut State,,#000000,,http://a.espncdn.com/i/teamlogos/ncaa/500/2583.png
Southern Illinois,,#85283D,#c2c3c0,http://a.espncdn.com/i/teamlogos/ncaa/500/79.png
Southern Mississippi,Conference USA,#FFAA3C,#ffc423,http://a.espncdn.com/i/teamlogos/ncaa/500/2572.png
Southern Nazarene,,#000000,,http://a.espncdn.com/i/teamlogos/ncaa/500/200.png
Southern Oregon,,,,http://a.espncdn.com/i/teamlogos/ncaa/500/2584.png
Southern Utah,,#d10000,#c2c3c0,http://a.espncdn.com/i/teamlogos/ncaa/500/253.png
Southern Virginia,,#000000,,http://a.espncdn.com/i/teamlogos/ncaa/500/2896.png
South Florida,American Athletic,#004A36,#231f20,http://a.espncdn.com/i/teamlogos/ncaa/500/58.png
Southwest Baptist,,#000000,,http://a.espncdn.com/i/teamlogos/ncaa/500/2586.png
Southwestern Assemblies of God,,#000000,,http://a.espncdn.com/i/teamlogos/ncaa/500/2904.png
Southwestern College,,#000000,,http://a.espncdn.com/i/teamlogos/ncaa/500/616.png
Southwestern Oklahoma,,#000000,,http://a.espncdn.com/i/teamlogos/ncaa/500/2927.png
Southwest Minnesota State,,#000000,,http://a.espncdn.com/i/teamlogos/ncaa/500/2587.png
Springfield,,#000000,,http://a.espncdn.com/i/teamlogos/ncaa/500/81.png
St. Ambrose,,#000000,,http://a.espncdn.com/i/teamlogos/ncaa/500/2591.png
Stanford,Pac-12,#A80532,#ffffff,http://a.espncdn.com/i/teamlogos/ncaa/500/24.png
St. Anselm,,#000000,,http://a.espncdn.com/i/teamlogos/ncaa/500/2830.png
St. Augustine's,,#000000,,http://a.espncdn.com/i/teamlogos/ncaa/500/395.png
St. Cloud State,,#000000,,http://a.espncdn.com/i/teamlogos/ncaa/500/2594.png
Stephen F. Austin,,#393996,#bec0c2,http://a.espncdn.com/i/teamlogos/ncaa/500/2617.png
Sterling College,,#000000,,http://a.espncdn.com/i/teamlogos/ncaa/500/618.png
Stetson,,#18581c,#d49d5d,http://a.espncdn.com/i/teamlogos/ncaa/500/56.png
Stevenson,,#000000,,http://a.espncdn.com/i/teamlogos/ncaa/500/471.png
St. Francis (IL),,#000000,,http://a.espncdn.com/i/teamlogos/ncaa/500/2595.png
St. Francis (IN),,#000000,,http://a.espncdn.com/i/teamlogos/ncaa/500/2831.png
St Francis (PA),,#a20012,,http://a.espncdn.com/i/teamlogos/ncaa/500/2598.png
St. John Fisher,,#000000,,http://a.espncdn.com/i/teamlogos/ncaa/500/374.png
St. Johns (MN),,#000000,,http://a.espncdn.com/i/teamlogos/ncaa/500/2600.png
St Lawrence,,#000000,,http://a.espncdn.com/i/teamlogos/ncaa/500/2779.png
St. Norbert,,#000000,,http://a.espncdn.com/i/teamlogos/ncaa/500/2832.png
St. Olaf College,,#000000,,http://a.espncdn.com/i/teamlogos/ncaa/500/133.png
Stonehill,,#000000,,http://a.espncdn.com/i/teamlogos/ncaa/500/284.png
Stony Brook,,#990000,,http://a.espncdn.com/i/teamlogos/ncaa/500/2619.png
St. Paul's College,,#000000,,http://a.espncdn.com/i/teamlogos/ncaa/500/2611.png
St. Peter's,,#001555,,http://a.espncdn.com/i/teamlogos/ncaa/500/2612.png
St. Scholastica,,#000000,,http://a.espncdn.com/i/teamlogos/ncaa/500/375.png
St. Thomas (MN),,#000000,,http://a.espncdn.com/i/teamlogos/ncaa/500/2900.png
St. Vincent,,#000000,,http://a.espncdn.com/i/teamlogos/ncaa/500/2614.png
St. Xavier (IL),,#000000,,http://a.espncdn.com/i/teamlogos/ncaa/500/2615.png
Sul Ross State,,#000000,,http://a.espncdn.com/i/teamlogos/ncaa/500/2834.png
SUNY Cortland,,#000000,,http://a.espncdn.com/i/teamlogos/ncaa/500/2782.png
SUNY Maritime,,#000000,,http://a.espncdn.com/i/teamlogos/ncaa/500/2951.png
Susquehanna,,#000000,,http://a.espncdn.com/i/teamlogos/ncaa/500/216.png
Syracuse,ACC,#F37321,#0d1d37,http://a.espncdn.com/i/teamlogos/ncaa/500/183.png
Tarleton State,,#000000,,http://a.espncdn.com/i/teamlogos/ncaa/500/2627.png
TCU,Big 12,#3C377D,#f1f2f3,http://a.espncdn.com/i/teamlogos/ncaa/500/2628.png
Temple,American Athletic,#A80532,#a7a9ac,http://a.espncdn.com/i/teamlogos/ncaa/500/218.png
Tennessee,SEC,#EE9627,#ffffff,http://a.espncdn.com/i/teamlogos/ncaa/500/2633.png
Tennessee State,,#383C84,#f0f0f0,http://a.espncdn.com/i/teamlogos/ncaa/500/2634.png
Tennessee Tech,,#5A4099,#ffde00,http://a.espncdn.com/i/teamlogos/ncaa/500/2635.png
Texas,Big 12,#EE7524,#f0f0f0,http://a.espncdn.com/i/teamlogos/ncaa/500/251.png
Texas A&M,SEC,#5C0025,#ffffff,http://a.espncdn.com/i/teamlogos/ncaa/500/245.png
Texas A&M-Commerce,,#000000,,http://a.espncdn.com/i/teamlogos/ncaa/500/2837.png
Texas A&M-Kingsville,,#000000,,http://a.espncdn.com/i/teamlogos/ncaa/500/2658.png
Texas College,,,,http://a.espncdn.com/i/teamlogos/ncaa/500/2637.png
Texas Lutheran,,#000000,,http://a.espncdn.com/i/teamlogos/ncaa/500/2639.png
Texas Southern,,#6A0403,#ebebeb,http://a.espncdn.com/i/teamlogos/ncaa/500/2640.png
Texas State,Sun Belt,#4e1719,#b4975a,http://a.espncdn.com/i/teamlogos/ncaa/500/326.png
Texas Tech,Big 12,#C80025,#231f20,http://a.espncdn.com/i/teamlogos/ncaa/500/2641.png
The Citadel,,#002b5c,#f0f0f0,http://a.espncdn.com/i/teamlogos/ncaa/500/2643.png
Thomas More,,#000000,,http://a.espncdn.com/i/teamlogos/ncaa/500/2646.png
Tiffin,,#000000,,http://a.espncdn.com/i/teamlogos/ncaa/500/2838.png
Toledo,Mid-American,#00488F,#ffd51d,http://a.espncdn.com/i/teamlogos/ncaa/500/2649.png
Towson,,#FFC229,,http://a.espncdn.com/i/teamlogos/ncaa/500/119.png
Trine,,#000000,,http://a.espncdn.com/i/teamlogos/ncaa/500/2651.png
Trinity Bible,,,,http://a.espncdn.com/i/teamlogos/ncaa/500/3214.png
Trinity (CT),,#000000,,http://a.espncdn.com/i/teamlogos/ncaa/500/2977.png
Trinity (IL),,#000000,,http://a.espncdn.com/i/teamlogos/ncaa/500/2652.png
Trinity (TX),,#000000,,http://a.espncdn.com/i/teamlogos/ncaa/500/386.png
Troy,Sun Belt,#AE0210,#88898c,http://a.espncdn.com/i/teamlogos/ncaa/500/2653.png
Truman State,,#000000,,http://a.espncdn.com/i/teamlogos/ncaa/500/2654.png
Tufts,,#000000,,http://a.espncdn.com/i/teamlogos/ncaa/500/112.png
Tulane,American Athletic,#005837,#3baf29,http://a.espncdn.com/i/teamlogos/ncaa/500/2655.png
Tulsa,American Athletic,#004371,#ee3b33,http://a.espncdn.com/i/teamlogos/ncaa/500/202.png
Tusculum,,#000000,,http://a.espncdn.com/i/teamlogos/ncaa/500/2839.png
Tuskegee,,#000000,,http://a.espncdn.com/i/teamlogos/ncaa/500/2657.png
UAB,Conference USA,#003b28,#ffc845,http://a.espncdn.com/i/teamlogos/ncaa/500/5.png
UC Davis,,#183563,#bc9305,http://a.espncdn.com/i/teamlogos/ncaa/500/302.png
UCF,American Athletic,#000000,#231f20,http://a.espncdn.com/i/teamlogos/ncaa/500/2116.png
UCLA,Pac-12,#005C8E,#ffc72c,http://a.espncdn.com/i/teamlogos/ncaa/500/26.png
UMass,FBS Independents,#880007,#572932,http://a.espncdn.com/i/teamlogos/ncaa/500/113.png
UMass Dartmouth,,#000000,,http://a.espncdn.com/i/teamlogos/ncaa/500/379.png
UMass Lowell,,#000000,#cf1f2f,http://a.espncdn.com/i/teamlogos/ncaa/500/2349.png
UNC Pembroke,,#000000,,http://a.espncdn.com/i/teamlogos/ncaa/500/2882.png
Union,,#000000,,http://a.espncdn.com/i/teamlogos/ncaa/500/237.png
University of Faith,,,,http://a.espncdn.com/i/teamlogos/ncaa/500/3254.png
UNLV,Mountain West,#000000,#c2c4c6,http://a.espncdn.com/i/teamlogos/ncaa/500/2439.png
Upper Iowa,,#000000,,http://a.espncdn.com/i/teamlogos/ncaa/500/389.png
Urbana,,#000000,,http://a.espncdn.com/i/teamlogos/ncaa/500/2666.png
Ursinus,,#000000,,http://a.espncdn.com/i/teamlogos/ncaa/500/2667.png
USC,Pac-12,#AE2531,#ffc72c,http://a.espncdn.com/i/teamlogos/ncaa/500/30.png
Utah,Pac-12,#890012,#7e8083,http://a.espncdn.com/i/teamlogos/ncaa/500/254.png
Utah State,Mountain West,#003263,#949ca1,http://a.espncdn.com/i/teamlogos/ncaa/500/328.png
UTEP,Conference USA,#002843,#ff6f12,http://a.espncdn.com/i/teamlogos/ncaa/500/2638.png
Utica,,#000000,,http://a.espncdn.com/i/teamlogos/ncaa/500/390.png
UT Martin,,#FF6700,#102a5c,http://a.espncdn.com/i/teamlogos/ncaa/500/2630.png
UT San Antonio,Conference USA,#002A5C,#f47321,http://a.espncdn.com/i/teamlogos/ncaa/500/2636.png
UVA-Wise,,,,http://a.espncdn.com/i/teamlogos/ncaa/500/2842.png
UW-Oshkosh,,#000000,,http://a.espncdn.com/i/teamlogos/ncaa/500/271.png
UW-River Falls,,#000000,,http://a.espncdn.com/i/teamlogos/ncaa/500/2723.png
UW-Stout,,#000000,,http://a.espncdn.com/i/teamlogos/ncaa/500/2744.png
UW-Whitewater,,#000000,,http://a.espncdn.com/i/teamlogos/ncaa/500/2745.png
Valdosta State,,#000000,,http://a.espncdn.com/i/teamlogos/ncaa/500/2673.png
Valley City State,,#000000,,http://a.espncdn.com/i/teamlogos/ncaa/500/628.png
Valparaiso,,#794500,,http://a.espncdn.com/i/teamlogos/ncaa/500/2674.png
Vanderbilt,SEC,#000000,#231f20,http://a.espncdn.com/i/teamlogos/ncaa/500/238.png
Villanova,,#123d7C,#f0f0f0,http://a.espncdn.com/i/teamlogos/ncaa/500/222.png
Virginia,ACC,#00204e,#002d62,http://a.espncdn.com/i/teamlogos/ncaa/500/258.png
Virginia State,,#000000,,http://a.espncdn.com/i/teamlogos/ncaa/500/330.png
Virginia Tech,ACC,#74232D,#c2c1ba,http://a.espncdn.com/i/teamlogos/ncaa/500/259.png
VMI,,#E52D37,#eec52b,http://a.espncdn.com/i/teamlogos/ncaa/500/2678.png
Wabash College,,#000000,,http://a.espncdn.com/i/teamlogos/ncaa/500/89.png
Wagner,,#00483A,#ffffff,http://a.espncdn.com/i/teamlogos/ncaa/500/2681.png
Wake Forest,ACC,#9E7E38,#000000,http://a.espncdn.com/i/teamlogos/ncaa/500/154.png
Waldorf,,#000000,,http://a.espncdn.com/i/teamlogos/ncaa/500/3080.png
Walsh,,#000000,,http://a.espncdn.com/i/teamlogos/ncaa/500/2682.png
Warner,,,,http://a.espncdn.com/i/teamlogos/ncaa/500/2683.png
Wartburg,,#000000,,http://a.espncdn.com/i/teamlogos/ncaa/500/2685.png
Washburn,,#000000,,http://a.espncdn.com/i/teamlogos/ncaa/500/2687.png
Washington,Pac-12,#2B2F64,#e8e3d3,http://a.espncdn.com/i/teamlogos/ncaa/500/264.png
Washington & Jefferson,,#000000,,http://a.espncdn.com/i/teamlogos/ncaa/500/2686.png
Washington & Lee,,#000000,,http://a.espncdn.com/i/teamlogos/ncaa/500/2688.png
Washington (MO),,#000000,,http://a.espncdn.com/i/teamlogos/ncaa/500/143.png
Washington State,Pac-12,#94022a,#6a747c,http://a.espncdn.com/i/teamlogos/ncaa/500/265.png
Wayland Baptist,,,,http://a.espncdn.com/i/teamlogos/ncaa/500/630.png
Waynesburg,,#000000,,http://a.espncdn.com/i/teamlogos/ncaa/500/2845.png
Wayne State (MI),,#000000,,http://a.espncdn.com/i/teamlogos/ncaa/500/131.png
Wayne State (NE),,#000000,,http://a.espncdn.com/i/teamlogos/ncaa/500/2844.png
Webber International,,#bf2f38,#909090,http://a.espncdn.com/i/teamlogos/ncaa/500/2691.png
Weber State,,#18005a,#ebebeb,http://a.espncdn.com/i/teamlogos/ncaa/500/2692.png
Wesleyan,,#000000,,http://a.espncdn.com/i/teamlogos/ncaa/500/336.png
Wesley College,,#000000,,http://a.espncdn.com/i/teamlogos/ncaa/500/2846.png
West Alabama,,#000000,,http://a.espncdn.com/i/teamlogos/ncaa/500/2695.png
West Chester,,#000000,,http://a.espncdn.com/i/teamlogos/ncaa/500/223.png
Western Carolina,,#492F91,#bf9e70,http://a.espncdn.com/i/teamlogos/ncaa/500/2717.png
Western Connecticut State,,#000000,,http://a.espncdn.com/i/teamlogos/ncaa/500/2843.png
Western Illinois,,#4e1e8a,#ffc90a,http://a.espncdn.com/i/teamlogos/ncaa/500/2710.png
Western Kentucky,Conference USA,#F32026,#b3b5b8,http://a.espncdn.com/i/teamlogos/ncaa/500/98.png
Western Michigan,Mid-American,#B59966,#bfa979,http://a.espncdn.com/i/teamlogos/ncaa/500/2711.png
Western New England,,#000000,,http://a.espncdn.com/i/teamlogos/ncaa/500/2702.png
Western New Mexico,,#000000,,http://a.espncdn.com/i/teamlogos/ncaa/500/2703.png
Western Oregon,,#000000,,http://a.espncdn.com/i/teamlogos/ncaa/500/2848.png
Western State,,#000000,,http://a.espncdn.com/i/teamlogos/ncaa/500/2714.png
Western Washington,,#000000,,http://a.espncdn.com/i/teamlogos/ncaa/500/2847.png
Westfield State,,#000000,,http://a.espncdn.com/i/teamlogos/ncaa/500/2909.png
West Florida,,,,
West Georgia,,#000000,,http://a.espncdn.com/i/teamlogos/ncaa/500/2698.png
West Liberty,,#000000,,http://a.espncdn.com/i/teamlogos/ncaa/500/2699.png
Westminster,,#000000,,http://a.espncdn.com/i/teamlogos/ncaa/500/433.png
Westminster PA,,#000000,,http://a.espncdn.com/i/teamlogos/ncaa/500/2849.png
West Texas A&M,,#000000,,http://a.espncdn.com/i/teamlogos/ncaa/500/2704.png
West Virginia,Big 12,#FFC600,#eaaa00,http://a.espncdn.com/i/teamlogos/ncaa/500/277.png
West Virginia Tech,,#000000,,http://a.espncdn.com/i/teamlogos/ncaa/500/2706.png
Wheaton College (Ill),,#000000,,http://a.espncdn.com/i/teamlogos/ncaa/500/396.png
Whittier,,#000000,,http://a.espncdn.com/i/teamlogos/ncaa/500/2850.png
Whitworth,,#000000,,http://a.espncdn.com/i/teamlogos/ncaa/500/2721.png
Widener,,#000000,,http://a.espncdn.com/i/teamlogos/ncaa/500/2725.png
Wilkes,,#000000,,http://a.espncdn.com/i/teamlogos/ncaa/500/398.png
Willamette,,#000000,,http://a.espncdn.com/i/teamlogos/ncaa/500/2930.png
William Jewell College,,#000000,,http://a.espncdn.com/i/teamlogos/ncaa/500/2911.png
William & Mary,,#103217,#f6b220,http://a.espncdn.com/i/teamlogos/ncaa/500/2729.png
William Paterson,,#000000,,http://a.espncdn.com/i/teamlogos/ncaa/500/2970.png
William Penn,,#000000,,http://a.espncdn.com/i/teamlogos/ncaa/500/2912.png
Williams,,#000000,,http://a.espncdn.com/i/teamlogos/ncaa/500/2731.png
Williamson Trade,,#000000,,http://a.espncdn.com/i/teamlogos/ncaa/500/3130.png
Wilmington (OH),,#000000,,http://a.espncdn.com/i/teamlogos/ncaa/500/2733.png
Wingate,,#000000,,http://a.espncdn.com/i/teamlogos/ncaa/500/351.png
Winona State,,#000000,,http://a.espncdn.com/i/teamlogos/ncaa/500/2851.png
Winston-Salem,,#bb0100,,http://a.espncdn.com/i/teamlogos/ncaa/500/2736.png
Wisconsin,Big Ten,#A00001,#f7f7f7,http://a.espncdn.com/i/teamlogos/ncaa/500/275.png
Wisconsin-Eau Claire,,#000000,,http://a.espncdn.com/i/teamlogos/ncaa/500/2738.png
Wisconsin-La Crosse,,#000000,,http://a.espncdn.com/i/teamlogos/ncaa/500/2740.png
Wisconsin Lutheran,,#000000,,http://a.espncdn.com/i/teamlogos/ncaa/500/2741.png
Wisconsin-Platteville,,#000000,,http://a.espncdn.com/i/teamlogos/ncaa/500/272.png
Wisconsin-Stevens Point,,#000000,,http://a.espncdn.com/i/teamlogos/ncaa/500/2743.png
Wittenberg,,#000000,,http://a.espncdn.com/i/teamlogos/ncaa/500/2746.png
Wofford,,#533B23,#f0f0f0,http://a.espncdn.com/i/teamlogos/ncaa/500/2747.png
Wooster,,#000000,,http://a.espncdn.com/i/teamlogos/ncaa/500/2748.png
Worcester Polytechnic,,#000000,,http://a.espncdn.com/i/teamlogos/ncaa/500/2749.png
Worcester State College,,#000000,,http://a.espncdn.com/i/teamlogos/ncaa/500/402.png
Wright State University,,#a36209,#e2b629,http://a.espncdn.com/i/teamlogos/ncaa/500/2750.png
WV State,,#000000,,http://a.espncdn.com/i/teamlogos/ncaa/500/2707.png
WV Wesleyan,,#000000,,http://a.espncdn.com/i/teamlogos/ncaa/500/455.png
Wyoming,Mountain West,#533B22,#ffffff,http://a.espncdn.com/i/teamlogos/ncaa/500/2751.png
Yale,,#004a81,#286dc0,http://a.espncdn.com/i/teamlogos/ncaa/500/43.png
Youngstown State,,#E51936,#690717,http://a.espncdn.com/i/teamlogos/ncaa/500/2754.png
10th District A.C.,,,,
111th Ambulance,,,,
11th Cavalry,,,,
1st Infantry,,,,
1st Texas Artillery,,,,
20th Infantry,,,,
260th Coast Artillery,,,,
26th Infantry,,,,
2nd Developmemt Regiment,,,,
2nd Texas 132nd Infantry,,,,
362nd Infantry,,,,
3rd Army Corps,,,,
47th Infantry,,,,
48th Infantry,,,,
7th Infantry,,,,
9th Amry Corps,,,,
Abilene Field,,,,
Active Football Club,,,,
Actual Business College,,,,
Adelbert,,,,
Adelphi,,,,
Alabama Medical,,,,
Alabama Presbyterian,,,,
Alabama Southern,,,,
Alameda Coast Guard,,,,
Alameda NAS,,,,
Albertson,,,,
Albuquerque Field,,,,
Alliance,,,,
Alma,,,,
Altoona A.C.,,,,
Alverno College,,,,
Amarillo Field,,,,
American,,,,
American Legion,,,,
American Medical,,,,
American Osteopath,,,,
Amherst YMCA,,,,
Anaconda Anodes,,,,
Anderson,,,,
Andover,,,,
Arizona All-Stars,,,,
Armour,,,,
Army Ambulance Corps,,,,
Athens,,,,
Athens A.C.,,,,
Atlantic Christian,,,,
Atlantic City NAS,,,,
Augusta Military Academy,,,,
Augustana (South Dakota),,,,
Austin,,,,
Austin High,,,,
Australia,,,,
Bailey Military,,,,
Bainbridge NTS,,,,
Baker,,,,
Balboa NTS,,,,
Ballard Meteors,,,,
Baltimore,,,,
Baltimore A.C.,,,,
Bankers A.C.,,,,
Barksdale Field,,,,
Barnes Medical,,,,
Barron Field,,,,
Beaumont Hospital,,,,
Belhaven College,,#000000,,http://a.espncdn.com/i/teamlogos/ncaa/500/2056.png
Bellefonte Academy,,,,
Bellevue,,,,
Belmont A.C.,,,,
Beloit High,,,,
Benedict,,#000000,,http://a.espncdn.com/i/teamlogos/ncaa/500/2059.png
Bennett Medical,,,,
Berg Field,,,,
Bergstrom Field,,,,
Berkeley A.C.,,,,
Bethany (Kansas),,,,
Bethany (West Virginia),,,,
Bethel,,,,
Bingham,,,,
Birmingham,,,,
Birmingham High,,,,
Bishop,,,,
Blackland Field,,,,
Blountsville Agricultural,,,,
Bogue Field,,,,
Bolling Field,,,,
Boston A.C.,,,,
Boston English High,,,,
Boston Latin High,,,,
Boston University,,,,
Boulder High,,,,
Bowie State,,#000000,,http://a.espncdn.com/i/teamlogos/ncaa/500/2075.png
Bradford National Guard,,,,
Bradley,,,,
Brandeis,,,,
Brayton,,,,
Bremerton Navy,,,,
Bridgewater,,,,
Britannia,,,,
British Club of New York,,,,
Broaddus College,,,,
Brooklyn,,,,
Brooklyn Polytechnic Institute,,,,
Brooklyn Tigers (NFL),,,,
Bryan Field,,,,
Bryson,,,,
Buckner Business College,,,,
Bunker Hill Navy,,,,
Burleson,,,,
Burlingame A.C.,,,,
Butler YMCA,,,,
Butte A.C.,,,,
California Alumni,,,,
California (Pennsylvania),,,,
California-Riverside,,,,
California-Santa Barbara,,,,
California Tech,,,,
Cal Poly-Pomona,,,,
Cal State Fullerton,,,,
Cal State Los Angeles,,,,
Cal State Northridge,,,,
Cameron,,,,
Camp Adams,,,,
Camp Baker,,,,
Camp Beale,,,,
Camp Blanding,,,,
Camp Davis,,,,
Camp Devens,,,,
Camp Dodge,,,,
Camp Doniphan,,,,
Campello,,,,
Camp Funston,,,,
Camp Gordon,,,,
Camp Grant,,,,
Camp Greene,,,,
Camp Greenleaf,,,,
Camp Griffin,,,,
Camp Haan,,,,
Camp Hancock,,,,
Camp Harrison,,,,
Camp Hood,,,,
Camp Humphreys,,,,
Camp Kilmer,,,,
Camp Lee,,,,
Camp Lejeune,,,,
Camp Logan,,,,
Camp Lyons,,,,
Camp Mabry,,,,
Camp MacAurthur,,,,
Camp MacDowell,,,,
Camp Mackall,,,,
Camp McClelland,,,,
Camp McKinley,,,,
Camp McPherson,,,,
Camp Meyer,,,,
Camp Peary,,,,
Camp Pendleton,,,,
Camp Perry,,,,
Camp Pickett,,,,
Camp Pike,,,,
Camp Polk,,,,
Camp Preble,,,,
Camp Russell,,,,
Camp Sevier,,,,
Camp Shelby,,,,
Camp Sherman,,,,
Camp Taylor,,,,
Camp Travis,,,,
Camp Wadsworth,,,,
Canada All-Stars,,,,
Canisius,,,,
Canton A.C.,,,,
Carleton-St. Olaf,,,,
Carlisle,,,,
Carlstrom Field,,,,
Carroll (Montana),,,,
Carroll (Wisconsin),,,,
Carruthers Field,,,,
Carswell AFB,,,,
Casa Blanca Indians,,,,
Case,,,,
Castle Heights,,,,
Catawba College,,,,
Catholic,,,,
Centenary (LA),,,,
Centerville (Butte),,,,
Central Academy,,,,
Central (Iowa),,,,
Central (Kentucky),,,,
Central Missouri,,,,
Chamberlain Hunt,,,,
Chanute Field,,,,
Charles City,,,,
Charleston,,,,
Charleston Coast Guard,,,,
Charleston Navy,,,,
Chatham Field,,,,
Chemawa,,,,
Cherry Point Marines,,,,
Cheyenne High,,,,
Chicago A.C.,,,,
Chicago Alumni,,,,
Chicago College,,,,
Chicago Dental,,,,
Chicago Dining Club,,,,
Chicago Medical,,,,
Chicago Naval Reserve,,,,
Chicago YMCA,,,,
Chick Springs Military,,,,
Chilocco,,,,
Chowan,,#000000,,http://a.espncdn.com/i/teamlogos/ncaa/500/2804.png
Christian Brothers,,,,
City College of New York,,,,
Clarke Memorial,,,,
Clarkson,,,,
Clemson Freshmen,,,,
Cleveland Naval Reserves,,,,
C.M.T.S.,,,,
College All-Stars,,,,
Colorado Alumni,,,,
Colorado College Alumni,,,,
Colorado Springs Field,,,,
Colorado Springs High,,,,
Colorado State Freshmen,,,,
Columbia A.C.,,,,
Columbia Alumni,,,,
Columbia College,,,,
Columbia Law,,,,
Columbia (Oregon),,,,
Columbia YMCA,,,,
Company I,,,,
Concordia Canada,,,,
Concordia College (MN),,,,
Connecticut Literary,,,,
Connecticut-Waterbury,,,,
Conway Hall,,,,
Corpus Christi NAS,,,,
Cortland State,,,,
Cotton City A.C.,,,,
Crane J.C.,,,,
Creighton,,,,
Crescent A.C.,,,,
Culver,,,,
Curtis Bay Coast Guard,,,,
Dalhart Field,,,,
Dallas,,,,
Daniel Baker,,,,
Daniel Field,,,,
Davis & Elkins,,,,
Dean Academy,,,,
Decatur Baptist,,,,
Del Monte Pre-Flight,,,,
Denver,,,,
Denver A.C.,,,,
Denver Alumni,,,,
Denver Freshmen,,,,
Denver Manual High,,,,
DePaul,,,,
Des Moines,,,,
Des Moines Baptist,,,,
Detroit A.C.,,,,
Detroit Mercy,,,,
Dickinson Seminary,,,,
Dixie,,,,
Dixie State,,#000000,,http://a.espncdn.com/i/teamlogos/ncaa/500/3101.png
Dixon,,,,
Doane,,,,
Drake Alumni,,,,
Drexel,,,,
Drury,,,,
Duquesne A.C.,,,,
East Central Oklahoma,,,,
East Denver High,,,,
East Des Moines High,,,,
Eastern Arizona J.C.,,,,
Eastern (Virginia),,,,
Edmond Tech,,,,
Edmonton Field,,,,
Edward Waters,,,,
Elgin Academy,,,,
Elizabeth A.C.,,,,
Ellensburg,,,,
Ellington Field,,,,
Ellsworth,,,,
El Paso National Guard,,,,
El Toro Marines,,,,
Emporia College,,,,
Englewood,,,,
Englewood High,,,,
Englewood YMCA,,,,
Erskine,,,,
Eton,,,,
Eureka,,,,
Evanston High,,,,
Evansville,,,,
Exeter,,,,
F.A.A.,,,,
Fall River,,,,
Falls of Schuylkill,,,,
Farragut Navy,,,,
Finlandia University,,,,
Fishburne M.A.,,,,
Fisk University,,,,
Fitchburg YMCA,,,,
Fleet City,,,,
Florence YMCA,,,,
Florida Intl,,,,
Florida Southern,,,,
Fort Benning,,,,
Fort Bliss,,,,
Fort Bragg,,,,
Fort Des Moines,,,,
Fort Douglas,,,,
Fort Ethan Allen,,,,
Fort Jackson,,,,
Fort Knox,,,,
Fort Leavenworth,,,,
Fort Lewis College,,,,
Fort Monmouth,,,,
Fort Monroe,,,,
Fort Oglethorpe,,,,
Fort Ord,,,,
Fort Pierce,,,,
Fort Riley,,,,
Fort Sheridan,,,,
Fort Totten,,,,
Fort Warren,,,,
Fort Worth,,,,
Foundation,,,,
Frederick,,,,
Freeport High,,,,
Fremont Ammuntion,,,,
Fresno State JV,,,,
Friends,,,,
Galveston Field,,,,
Garden City,,,,
Geneva,,,,
Georgetown (Kentucky),,,,
Georgetown (KY),,,,
George Washington,,,,
Georgia B,,,,
Georgia Medical,,,,
Georgia Pre-Flight,,,,
Georgia Tech B,,,,
Goat Island Navy,,,,
Golden High,,,,
Gonzaga,,,,
Gonzaga Alumni,,,,
Gordon,,,,
Goshen,,,,
Grand Island,,,,
Grand Rapids High,,,,
Granite High,,,,
Great Lakes Navy,,,,
Greenfield,,,,
Greensboro Field,,,,
Greenville Field,,,,
Greer,,,,
Grinnell Alumni,,,,
Grinnell High,,,,
Grove City,,,,
Hahnemann Medical,,,,
Hamilton A.C.,,,,
Hampton A.C.,,,,
Hampton Road,,,,
Harrisburg A.C.,,,,
Harry Hillman Academy,,,,
Hartford,,,,
Harvard Alumni,,,,
Harvard B,,,,
Harvard Freshmen,,,,
Harvard Law,,,,
Haskell,,,,
Hastings,,,,
Hastings State,,,,
Havana A.C.,,,,
Havana University,,,,
Haverford,,,,
Hawai'i',,,,
Hawaii All-Stars,,,,
Hayward State,,,,
Hebron Academy,,,,
Hedding,,,,
Herington Field,,,,
Highland Park,,,,
High Point,,,,
Hiwassee,,,,
Hoboken Navy,,,,
Hofstra,,#27297c,#f6c934,http://a.espncdn.com/i/teamlogos/ncaa/500/2275.png
Homestead A.C.,,,,
Hondo Field,,,,
Hopkinson,,,,
Horner,,,,
Houston YMCA,,,,
Hyde Park,,,,
Hyde Park High,,,,
Idaho Marines,,,,
Illinois Alumni,,,,
Illinois Cycling Club,,,,
Illinois Medical,,,,
Independence A.C.,,,,
Indiana Alumni,,,,
Indiana Medical,,,,
Indiana (Pennsylvania),,,,
Indianapolis Artillery,,,,
Intermountain,,,,
Iowa Pre-Flight,,,,
Jackson Br.-New Orleans,,,,
Jackson Field,,,,
Jacksonville Naval Air Station,,,,
James Millikin,,,,
Jefferson,,,,
Jefferson Medical,,,,
Jersey Shore,,,,
Johnson Smith,,,,
Kamehameha Alumni,,,,
Kansas City A.C.,,,,
Kansas City Medical,,,,
Kansas City Veterinary,,,,
Kansas Wesleyan,,,,
Kean,,#000000,,http://a.espncdn.com/i/teamlogos/ncaa/500/2871.png
Kearney,,,,
Kearney Field,,,,
Keesler Field,,,,
Kelly Field,,,,
Kents Hill,,,,
Kentucky Christian,,#000000,,http://a.espncdn.com/i/teamlogos/ncaa/500/3077.png
King,,,,
Kingfisher,,,,
King George,,,,
Kirtland Field,,,,
Kiski Preparatory,,,,
Knox College,,#000000,,http://a.espncdn.com/i/teamlogos/ncaa/500/255.png
Knoxville,,,,
Lackland Field,,,,
Lake Forest Academy,,,,
Lake Forest Alumni,,,,
Lakehurst NAS,,,,
Lakeland University,,,,http://a.espncdn.com/i/teamlogos/ncaa/500/6353.png
Lake View High,,,,
Lancaster Crescents,,,,
Lane,,#000000,,http://a.espncdn.com/i/teamlogos/ncaa/500/2323.png
Lanier,,,,
Laramie High,,,,
La Salle,,,,
Latrobe A.C.,,,,
Laureate Boat Club,,,,
Lawrenceville,,,,
Lawton,,,,
League Island Navy,,,,
Leander Clarke,,,,
Lehigh A.C.,,,,
Leilahau,,,,
Lewis,,,,
Lewisburg A.C.,,,,
Lieutenants,,,,
Lincoln,,,,
Lincoln Field,,,,
Lincoln High,,,,
Lincoln Medical,,,,
LIU-C.W. Post,,,,
Locust Grove,,,,
Logan All-Stars,,,,
Lombard,,,,
Long Beach State,,,,
Longmont High,,,,
Loras,,,,
Loras College,,#000000,,http://a.espncdn.com/i/teamlogos/ncaa/500/263.png
Los Angeles A.C.,,,,
Los Angeles Junior College,,,,
Louisiana Army STU,,,,
Louisiana State Freshmen,,,,
Louisville Field,,,,
Love Field,,,,
Lowry Field,,,,
Loyola Academy,,,,
Loyola (Baltimore),,,,
Loyola (Chicago),,,,
Loyola (LA),,,,
Loyola Marymount,,,,
Lubbock Field,,,,
Lynchburg,,,,
MacAurthur Field,,,,
Machinists Mates,,,,
Madison High,,,,
Manhattan,,,,
Manhattan A.C.,,,,
Manhattan Beach Coast Guard,,,,
Mankato State,,,,
Manual Training High,,,,
March Field,,,,
Mare Island Marines,,,,
Mare Island Navy,,,,
Marine Officers,,,,
Marion,,,,
Marion County High,,,,
Marion Sims,,,,
Marquette,,,,
Marshall School,,,,
Marshalltown,,,,
Maryland A.C.,,,,
Maryland-Baltimore,,,,
Maryland-Eastern Shore,,,,
Massilon A.C.,,,,
Mather Field,,,,
Maxwell Field,,,,
Mayport NAS,,,,
McClellan Field,,,,
McDaniel,,,,
McGill,,,,
McKendree,,#000000,,http://a.espncdn.com/i/teamlogos/ncaa/500/2816.png
Medford A.C.,,,,
Medico-Chirurgical,,,,
Melville PT Boats,,,,
Memphis High,,,,
Memphis Navy,,,,
Mercersburg Academy,,,,
Meridian,,,,
Meteor A.C.,,,,
Michigan A.C.,,,,
Michigan Military Academy,,,,
Midwestern Texas State,,,,
Milligan,,,,
Milwaukee Medical,,,,
Minneapolis Boat Club,,,,
Minneapolis Central High,,,,
Minneapolis Eastern High,,,,
Minneapolis South High,,,,
Minnesota Alumni,,,,
Missouri-Kansas City,,,,
Missouri-Rolla,,,,
Missouri Southern,,,,
Missouri Valley,,,,
Missouri Wesleyan,,,,
MIT,,#000000,,http://a.espncdn.com/i/teamlogos/ncaa/500/109.png
Moffett Field,,,,
Mohawk,,,,
Moline A.C.,,,,
Monroe A.C.,,,,
Montana Tech,,,,
Montana Wesleyan,,,,
Montclair A.C.,,,,
Montezuma,,,,
Montgomery A.C.,,,,
Monticello Navy,,,,
Montreal,,,,
Mooney,,,,
Moorhead State,,,,
Morgan,,,,
Morganton Mutes,,,,
Morris Brown,,,,
Morris Field,,,,
Morris Harvey,,,,
Mount Airy Deaf School,,,,
Mount Carmel All-Stars,,,,
Mount Hermon,,,,
Mount Pleasant,,,,
Mount St. Mary's,,,,
Multnomah A.C.,,,,
Nashville,,,,
Navy Hospital Corps,,,,
Navy Reserves,,,,
Navy Transport,,,,
Nebraska Alumni,,,,
Nebraska Wesleyan,,,,
Nebraska Wesleyan University,,,,http://a.espncdn.com/i/teamlogos/ncaa/500/6845.png
Needham,,,,
Newark A.C.,,,,
Newberry A.C.,,,,
Newburyport A.C.,,,,
New England All-Stars,,,,
New Jersey A.C.,,,,
New London Submarine Base,,,,
New Mexico Military,,,,
New Mexico Tech,,,,
New Orleans Gym Club,,,,
Newport Navy,,,,
Newport News,,,,
Newport NTS,,,,
Newton A.C.,,,,
Newton High,,,,
Newtowne A.C.,,,,
New York A.C.,,,,
New York Law,,,,
New York Naval Militia,,,,
New York State,,,,
New York University,,,,
Niagara,,,,
Norfolk A.C.,,,,
Norfolk Blues,,,,
Norfolk Fire Department,,,,
Norfolk Marines,,,,
Norfolk Navy,,,,
Norfolk Navy Base,,,,
Norfolk Navy Yard,,,,
Norman Naval Air Station,,,,
Norman Park,,,,
North Alabama A.C.,,,,
North Carolina Medical,,,,
North Carolina Pre-Flight,,,,
North Dakota Teachers,,,,
North Denver High,,,,
North Division High,,,,
Northeastern,,#cc0001,#c2c3c0,http://a.espncdn.com/i/teamlogos/ncaa/500/111.png
Northeastern Oklahoma State,,,,
North Georgia,,,,
Northwest Division High,,,,
Northwestern Academy,,,,
Northwestern Alumni,,,,
Northwestern Dental,,,,
Northwestern (IA),,,,
Northwestern (Wisconsin),,,,
Notre Dame B,,,,
Oak Ridge,,,,
Oceana NAS,,,,
Ogden A.C.,,,,
Ogden High,,,,
Oglethorpe,,,,
Ohio Am. Corp.,,,,
Ohio Medical,,,,
Oklahoma City,,,,
Oklahoma Mines,,,,
Oklahoma Teachers,,,,
Olathe Navy,,,,
Olivet,,,,
Olympic A.C.,,,,
Olympic Club,,,,
Omaha Balloon,,,,
Omaha Light Guards,,,,
Onondaga,,,,
Orange A.C.,,,,
Oregon College,,,,
Oregon State Alumni,,,,
Oregon Tech,,,,
Originals A.C.,,,,
Ottawa,,,,
Ottumwa Pre-Flight,,,,
Ouachita,,,,
Overland Station,,,,
Ozarks,,,,
Pacific,,,,
Pacific All-Stars,,,,
Pacific Fleet,,,,
Pacific (Oregon),,,,
Pacific Submarines,,,,
Palmyra,,,,
Panhandle State,,,,
Panora,,,,
Park Field,,,,
Parris Island Marines,,,,
Parsons,,,,
Parsons (Iowa),,,,
Pastime A.C.,,,,
Payne Field,,,,
Pearl Harbor,,,,
Pelham Bay Navy,,,,
Penn Radio School,,,,
Pennsylvania Alumni,,,,
Pennsylvania College,,,,
Pennsylvania Military,,,,
Pennsylvania Railroad YMCA,,,,
Pennsylvania Reserves,,,,
Pensacola A.C.,,,,
Pensacola NAS,,,,
Peoria Socials A.C.,,,,
Pepperdine,,,,
Peru State,,,,
Phialdelphia YMCA,,,,
Philadelphia A.C.,,,,
Philadelphia All-Stars,,,,
Philadelphia Naval Yard,,,,
Phillips,,,,
Phoenix A.C.,,,,
Phoenix All-Stars,,,,
Phoenix Indians,,,,
Physicians & Surgeons,,,,
Piedmont,,,,
Pittsburgh A.C.,,,,
Pittsburgh Lyceum,,,,
Pittsfield A.C.,,,,
Pleasanton Navy,,,,
Pomona Ordinance Base,,,,
Pontiac A.C.,,,,
Porter Military,,,,
Portland,,,,
Portland A.C.,,,,
Port Royal,,,,
Portsmouth Fleet,,,,
Post Field,,,,
Prairie A.C.,,,,
Presidio of San Francisco,,,,
Princeton A.C.,,,,
Princeton Alumni,,,,
Princeton Seminary,,,,
Providence,,,,
Pueblo High,,,,
Pueblo YMCA,,,,
Purdue Alumni,,,,
Quantico Marines,,,,
Queen's,,,,
Quincy A.C.,,,,
Randolph Field,,,,
Ream Field,,,,
Regis (CO),,,,
Reina Mercedes,,,,
Reliance A.C.,,,,
Richmond Blues,,,,
Richmond Field,,,,
Ridgefield A.C.,,,,
Riverside,,,,
Roanoke,,,,
Rockford High,,,,
Rockford YMCA,,,,
Rockhurst,,,,
Rock Island A.C.,,,,
Rollins,,,,
Rooks,,,,
Rush Medical,,,,
Rusk,,,,
Sacaton Indians,,,,
Sacred Heart (Wisconsin),,,,
Saint Louis,,,,
Saint Mary's,,,,
Saint Mary's (CA),,,,
Saint Mary's (CA) Pre-Flight,,,,
Salem,,,,
Salem International,,,,
Salt Lake Field,,,,
Salt Lake High,,,,
Salt Lake YMCA,,,,
Sampson NTS,,,,
San Diego Bombers (PCFL),,,,
San Diego Marines,,,,
San Diego Navy,,,,
San Francisco,,,,
San Francisco Clippers (AFL),,,,
San Francisco State,,,,
San Pedro A.C.,,,,
San Pedro Navy,,,,
Santa Ana Field,,,,
Santa Clara,,,,
Savannah A.C.,,,,
S.B. Howard Park,,,,
Schuylkill,,,,
Schuylkill Navy,,,,
Scott Field,,,,
Scout Fleet,,,,
Scranton,,,,
Seamen Gunners,,,,
Second Air Force,,,,
Second Air Force (Colorado),,,,
Second Air Force (Washington),,,,
Seton Hall,,,,
Sewanee Club (Virginia),,,,
Sewanee Medical,,,,
Shamokin,,,,
Shattuck,,,,
Sherman,,,,
Shorter,,#000000,,http://a.espncdn.com/i/teamlogos/ncaa/500/2560.png
Shreveport A.C.,,,,
Shurtleff,,,,
Sioux City A.C.,,,,
Sioux Falls,,#000000,,http://a.espncdn.com/i/teamlogos/ncaa/500/2894.png
SMTS,,,,
Sonoma State,,,,
South Bend A.C.,,,,
South Berwick,,,,
South Denver High,,,,
Southeastern Oklahoma State,,,,
Southern California Alumni,,,,
Southern College,,,,
Southern Methodist Freshmen,,,,
Southern Military Academy,,,,
South Plains Field,,,,
South Side Academy,,,,
Southwestern (Kansas),,,,
Southwestern Oklahoma State,,,,
Southwestern University,,,,http://a.espncdn.com/i/teamlogos/ncaa/500/2588.png
Southwest State,,,,
Spence Field,,,,
Spring Hill,,,,
Squantum NAS,,,,
Staats A.C.,,,,
St. Albans,,,,
Standifer Shipbuilders,,,,
St. Benedict,,,,
St. Bonaventure,,,,
St. Edward's,,,,
Steelton YMCA,,,,
Sterling A.C.,,,,
Stevens,,,,
Stevens Alumni,,,,
St. Francis (Pennsylvania),,,,
St. Helena NTS,,,,
Still,,,,
Stillman,,,,
St. John's M.A.,,,,
St. John's (Maryland),,,,
St. John's (MN),,,,
St. Joseph's (Indiana),,,,
St. Joseph's (Pennsylvania),,,,
St. Lawrence,,,,
St. Louis Alumni-Hawaii,,,,
St. Mary's (Kansas),,,,
St. Mary's (Minnesota),,,,
St. Mary's (Texas),,,,
St. Olaf,,,,
St. Paul,,,,
St. Paul Central High,,,,
St. Paul's (New Hampshire),,,,
Stroudsburg,,,,
St. Steven's,,,,
St. Thomas,,,,
St. Viator,,,,
St. Vincent's (California),,,,
St. Vincent's (Pennsylvania),,,,
Superba A.C.,,,,
Swarthmore,,,,
Swarthmore Alumni,,,,
Syracuse A.C.,,,,
Syracuse Alumni,,,,
Talladega,,,,
Tampa,,,,
Tampa A.C.,,,,
Tarkio,,,,
Taylor,,#000000,,http://a.espncdn.com/i/teamlogos/ncaa/500/620.png
Temperance A.C.,,,,
Tennessee Deaf School,,,,
Tennessee Medical College,,,,
Tennessee-Memphis,,,,
Tennessee Military,,,,
Tennessee Wesleyan,,,,
Texas A&M-Corpus Christi,,,,
Texas-Arlington,,,,
Texas Deaf School,,,,
Texas Military,,,,
Texas Wesleyan,,,,
Thiel,,,,
Thiel College,,#000000,,http://a.espncdn.com/i/teamlogos/ncaa/500/2644.png
Third Air Force,,,,
Tioga,,,,
Toledo A.C.,,,,
Tonkawa Preparatory,,,,
Toronto All-Stars,,,,
Transylvania,,,,
Trinity International (IL),,,,http://a.espncdn.com/i/teamlogos/ncaa/500/2907.png
Trinity (Texas),,,,
Troy Laureates,,,,
Tulane Alumni,,,,
Twin Cities Central High,,,,
Twin Cities High,,,,
UAY All-Stars,,,,
UC Riverside,,,,
Union College,,,,http://a.espncdn.com/i/teamlogos/ncaa/500/2841.png
Union (NY),,,,
Union (Tennessee),,,,
University Club of Chicago,,,,
University of Mary,,#000000,,http://a.espncdn.com/i/teamlogos/ncaa/500/559.png
University of Mexico,,,,
Upsala,,,,
U.S. Amphibians,,,,
U.S. International,,,,
U.S. Marines,,,,
US Recup. Company,,,,
USS Boston,,,,
USS Franklin,,,,
USS Idaho,,,,
USS Maryland,,,,
USS Mercy,,,,
USS Minnesota,,,,
USS Mississippi,,,,
USS New Mexico,,,,
USS New York,,,,
USS Oklahoma,,,,
USS Tennessee,,,,
USS Utah,,,,
USS Washington,,,,
Utah Alumni,,,,
Utah Field Artillery,,,,
Utah State Alumni,,,,
Vancouver Barracks,,,,
Vanderbilt Alumni,,,,
Vedado A.C.,,,,
Vermont,,,,
Vermont Methodist Seminary,,,,
Vicksburg A.C.,,,,
Vigilant A.C.,,,,
Vincennes,,,,
Vineland,,,,
Virginia Boat Club,,,,
Virginia Medical,,,,
Virginia Tech Alumni,,,,
Virginia Union,,#000000,,http://a.espncdn.com/i/teamlogos/ncaa/500/2676.png
Volunteer A.C.,,,,
Waco Field,,,,
Wake Forest Freshmen,,,,
Walton,,,,
Warrenton Preparatory,,,,
Washington Artillery,,,,
Washington (Maryland),,,,
Washington Redskins (NFL),,,,
Washington YMCA,,,,
Waterton,,,,
Watertown,,,,
Waukegan High,,,,
Wayne State,,,,
Welch Neck High,,,,
Wendell Phillips High,,,,
Wesley,,,,
Wesleyan (CT),,,,
West Coast Army,,,,
West Coast Navy,,,,
West Denver High,,,,
West Division High,,,,
West End Amateurs,,,,
Western (Iowa),,,,
Western Ontario,,,,
Western Reserve,,,,
West Logan High,,,,
Westminster (Missouri),,,,
Westminster (Pennsylvania),,,,
West Seattle A.C.,,,,
West Texas Military,,,,
West Virginia State,,,,
Wetumpka,,,,
Wheaton High,,,,
White Sands,,,,
White Squadron,,,,
Whitman,,,,
Wichita State,,,,
William Jewell,,,,
Williams Alumni,,,,
Williams Field,,,,
Williamsport,,,,
Williston,,,,
Wilmington,,,,
Winchester,,,,
Wisconsin Alumni,,,,
Wisconsin Freshmen,,,,
Wisconsin-Milwaukee,,,,
Wisconsin-Oshkosh,,,,
Wisconsin-Whitewater,,,,
Wisc. Stout,,,,
Wissahickon Barracks,,,,
Worcester A.C.,,,,
Worcester Academy,,,,
Wyoming Alumni,,,,
Wyoming Faculty,,,,
Wyoming Seminary,,,,
Xavier,,,,
Yale Alumni,,,,
Yale Consolidated,,,,
Yale Freshmen,,,,
Yale/Princeton/Harvard Grads,,,,
YMI,,,,
York YMCA,,,,
Yuma Field,,,,
